tweet_id,class,sentiment
1266770197597356e3,Monolingual,NEGATIVE
1212330415056396300,Monolingual,NEGATIVE
1267575596059701200,Monolingual,NEGATIVE
991807254478409700,Monolingual,NEGATIVE
1178956304318161e3,Monolingual,NEGATIVE
1058695308618711e3,Monolingual,NEGATIVE
1386981379188142e3,Monolingual,NEGATIVE
877566851856965600,Monolingual,NEGATIVE
1318344960438141e3,Monolingual,NEGATIVE
1311141621665333200,Monolingual,NEGATIVE
1277985930633252900,Monolingual,NEGATIVE
1241047117382156300,Monolingual,NEGATIVE
1285485920695849e3,Monolingual,NEGATIVE
1219361840997785600,Monolingual,NEGATIVE
1170118236375003100,Monolingual,NEGATIVE
1313943743641407500,Monolingual,NEGATIVE
1406720638182695e3,Monolingual,NEGATIVE
1084550963820666900,Monolingual,NEGATIVE
1134564520335036400,Monolingual,NEGATIVE
1249951084891734e3,Monolingual,NEGATIVE
852544123605319700,Monolingual,NEGATIVE
1119693210517897200,Monolingual,NEGATIVE
1346742808703590400,Monolingual,NEGATIVE
1272602967569567700,Monolingual,NEGATIVE
1156506685483167700,Monolingual,NEGATIVE
1241683565898760200,Monolingual,NEGATIVE
1126050594282668e3,Monolingual,NEGATIVE
1276141657776414700,Monolingual,NEGATIVE
1128767218874036200,Monolingual,NEGATIVE
1216117463135539200,Monolingual,NEGATIVE
1351521343989305300,Monolingual,NEGATIVE
1358745312475644e3,Monolingual,NEGATIVE
981572305842208800,Monolingual,NEGATIVE
1327680991654273e3,Monolingual,NEGATIVE
944628686631985200,Monolingual,NEGATIVE
1261529311728873500,Monolingual,NEGATIVE
1314854947050205200,Monolingual,NEGATIVE
1182231702933913600,Monolingual,NEGATIVE
1209559789342281700,Monolingual,NEGATIVE
1240970492275765200,Monolingual,NEGATIVE
1148176951254966300,Monolingual,NEGATIVE
746032904644530200,Monolingual,NEGATIVE
1372625284046938e3,Monolingual,NEGATIVE
1196672843804795e3,Monolingual,NEGATIVE
1273326146390810600,Monolingual,NEGATIVE
1196953331211616300,Monolingual,NEGATIVE
1053918092571615200,Monolingual,NEGATIVE
1253363548773920800,Monolingual,NEGATIVE
696728940954656800,Monolingual,NEGATIVE
1247024151824564200,Monolingual,NEGATIVE
1275484646000787500,Monolingual,NEGATIVE
1139589480086565e3,Monolingual,NEGATIVE
1108091041868070900,Monolingual,NEGATIVE
915285003478630400,Monolingual,NEGATIVE
1402003760331825200,Monolingual,NEGATIVE
1283859656478204e3,Monolingual,NEGATIVE
1067905746803875800,Monolingual,NEGATIVE
698564371245563900,Monolingual,NEGATIVE
1374953688456958e3,Monolingual,NEGATIVE
1403769049285369900,Monolingual,NEGATIVE
1152628907855810600,Monolingual,NEGATIVE
1281196488689889300,Monolingual,NEGATIVE
1345268152888914e3,Monolingual,NEGATIVE
1164300163927695400,Monolingual,NEGATIVE
1296111170110328800,Monolingual,NEGATIVE
1306980084578910200,Monolingual,NEGATIVE
930129938795163600,Monolingual,NEGATIVE
1174434660052623400,Monolingual,NEGATIVE
808735367918719e3,Monolingual,NEGATIVE
1149007365611630600,Monolingual,NEGATIVE
1203255770768384e3,Monolingual,NEGATIVE
1149747765544726500,Monolingual,NEGATIVE
1241697229066436600,Monolingual,NEGATIVE
1210530158249152500,Monolingual,NEGATIVE
1068722733561905300,Monolingual,NEGATIVE
1109105712783867900,Monolingual,NEGATIVE
1243529292346253300,Monolingual,NEGATIVE
1361565673319710700,Monolingual,NEGATIVE
1288402491420430300,Monolingual,NEGATIVE
839962396559093800,Monolingual,NEGATIVE
1381608369421705200,Monolingual,NEGATIVE
1084488139215909e3,Monolingual,NEGATIVE
1390034489250812e3,Monolingual,NEGATIVE
1341760017561755600,Monolingual,NEGATIVE
1210928968649650200,Monolingual,NEGATIVE
1347947532907913200,Monolingual,NEGATIVE
1286652746830164e3,Monolingual,NEGATIVE
1235929589622374400,Monolingual,NEGATIVE
1132719360605335700,Monolingual,NEGATIVE
1230798726215630800,Monolingual,NEGATIVE
1259233338054914e3,Monolingual,NEGATIVE
1264136595545952300,Monolingual,NEGATIVE
798601777692061700,Monolingual,NEGATIVE
1180060534013677600,Monolingual,NEGATIVE
1404384620293075e3,Monolingual,NEGATIVE
1350096326063751200,Monolingual,NEGATIVE
1095450116369145900,Monolingual,NEGATIVE
1069930618409111700,Monolingual,NEGATIVE
1263721399459483600,Monolingual,NEGATIVE
1281972571823583200,Monolingual,NEGATIVE
1201503634305028e3,Monolingual,NEGATIVE
1358423292999262200,Monolingual,NEGATIVE
1201048039617650700,Monolingual,NEGATIVE
1129886608470237200,Monolingual,NEGATIVE
1251135566487457800,Monolingual,NEGATIVE
1280895371141668900,Monolingual,NEGATIVE
919282261266190300,Monolingual,NEGATIVE
1097201102674714600,Monolingual,NEGATIVE
1300473905363255300,Monolingual,NEGATIVE
1363760819490676700,Monolingual,NEGATIVE
1371016382117204e3,Monolingual,NEGATIVE
876059789368975400,Monolingual,NEGATIVE
729017207255093200,Monolingual,NEGATIVE
1276459335200227300,Monolingual,NEGATIVE
1308050327363616800,Monolingual,NEGATIVE
1274429315564871700,Monolingual,NEGATIVE
1243274997491269600,Monolingual,NEGATIVE
1221903182168760300,Monolingual,NEGATIVE
1272277547770957800,Monolingual,NEGATIVE
1267222889528467500,Monolingual,NEGATIVE
9.56E+17,Monolingual,NEGATIVE
1272163608269594600,Monolingual,NEGATIVE
1193967309901246500,Monolingual,NEGATIVE
1179804220888961e3,Monolingual,NEGATIVE
1237472126141112300,Monolingual,NEGATIVE
1241519867108393e3,Monolingual,NEGATIVE
1398752089371783200,Monolingual,NEGATIVE
1155488437119721500,Monolingual,NEGATIVE
1218480894429802500,Monolingual,NEGATIVE
1395364471552544800,Monolingual,NEGATIVE
1187094224912736300,Monolingual,NEGATIVE
1295457036982001700,Monolingual,NEGATIVE
1393543136572579800,Monolingual,NEGATIVE
1248200012498174e3,Monolingual,NEGATIVE
1349326633577099300,Monolingual,NEGATIVE
1269735683662450700,Monolingual,NEGATIVE
1140853776158474200,Monolingual,NEGATIVE
1168619388364308500,Monolingual,NEGATIVE
1357612668723544e3,Monolingual,NEGATIVE
1290737363199688700,Monolingual,NEGATIVE
1309888492156190700,Monolingual,NEGATIVE
1261632002144505900,Monolingual,NEGATIVE
944898757962993700,Monolingual,NEGATIVE
1134384506717245400,Monolingual,NEGATIVE
1258071765038829600,Monolingual,NEGATIVE
1361411986664349700,Monolingual,NEGATIVE
1219183056851959800,Monolingual,NEGATIVE
1217576534476828700,Monolingual,NEGATIVE
1111207926218346500,Monolingual,NEGATIVE
777836102568779800,Monolingual,NEGATIVE
1281625681512857600,Monolingual,NEGATIVE
1132276046601097200,Monolingual,NEGATIVE
1292565464657408e3,Monolingual,NEGATIVE
127443615623569e4,Monolingual,NEGATIVE
1255226801774788600,Monolingual,NEGATIVE
1228622926376841200,Monolingual,NEGATIVE
1176783257196777500,Monolingual,NEGATIVE
1394892081559072800,Monolingual,NEGATIVE
1171377770355658800,Monolingual,NEGATIVE
1032549733796077600,Monolingual,NEGATIVE
1245248913940066300,Monolingual,NEGATIVE
1360951406962827300,Monolingual,NEGATIVE
1174427355252699100,Monolingual,NEGATIVE
1215718531272233e3,Monolingual,NEGATIVE
1188178158127853600,Monolingual,NEGATIVE
126904256046037e4,Monolingual,NEGATIVE
1138121196598419500,Monolingual,NEGATIVE
1344597831798071300,Monolingual,NEGATIVE
1327324773853094e3,Monolingual,NEGATIVE
1281633388575826e3,Monolingual,NEGATIVE
1168215835380523e3,Monolingual,NEGATIVE
1312646632773746700,Monolingual,NEGATIVE
1391505570344185900,Monolingual,NEGATIVE
727763014552801300,Monolingual,NEGATIVE
1300679207530397700,Monolingual,NEGATIVE
1241244561479012400,Monolingual,NEGATIVE
1044641703905415200,Monolingual,NEGATIVE
1.35E+18,Monolingual,NEGATIVE
1406536259212820500,Monolingual,NEGATIVE
1158388351277424600,Monolingual,NEGATIVE
1384963386476306400,Monolingual,NEGATIVE
132364488853837e4,Monolingual,NEGATIVE
1287769952041218e3,Monolingual,NEGATIVE
1130464749160997e3,Monolingual,NEGATIVE
1135204038776098800,Monolingual,NEGATIVE
1045050544778367e3,Monolingual,NEGATIVE
1185962280342708200,Monolingual,NEGATIVE
1125852061256564600,Monolingual,NEGATIVE
1249303135828443100,Monolingual,NEGATIVE
1228936043509973e3,Monolingual,NEGATIVE
1357870975711391700,Monolingual,NEGATIVE
1371362389032075300,Monolingual,NEGATIVE
1059927104874311700,Monolingual,NEGATIVE
1264495732662427600,Monolingual,NEGATIVE
1259933811049103400,Monolingual,NEGATIVE
1304134552970027e3,Monolingual,NEGATIVE
1273252958302621700,Monolingual,NEGATIVE
1.38E+18,Monolingual,NEGATIVE
1170318363056382e3,Monolingual,NEGATIVE
1.39E+18,Monolingual,NEGATIVE
1253061459728367600,Monolingual,NEGATIVE
1235922518000754700,Monolingual,NEGATIVE
124602643611435e4,Monolingual,NEGATIVE
1318275427362836500,Monolingual,NEGATIVE
692646301461258200,Monolingual,NEGATIVE
1130129597905944600,Monolingual,NEGATIVE
1108355470950043500,Monolingual,NEGATIVE
1104680098253467500,Monolingual,NEGATIVE
1113891622536847400,Monolingual,NEGATIVE
1122945738831478800,Monolingual,NEGATIVE
1148672386960699400,Monolingual,NEGATIVE
1401990523636887600,Monolingual,NEGATIVE
1379512260545101800,Monolingual,NEGATIVE
1310216004425875500,Monolingual,NEGATIVE
1418614054558519300,Monolingual,NEGATIVE
1371388475015106600,Monolingual,NEGATIVE
1237484251404214300,Monolingual,NEGATIVE
1075347188652363800,Monolingual,NEGATIVE
1052617284538310700,Monolingual,NEGATIVE
1294312680917016600,Monolingual,NEGATIVE
1199961755763585e3,Monolingual,NEGATIVE
939438299252449300,Monolingual,NEGATIVE
1197389860484649e3,Monolingual,NEGATIVE
1384550471931682800,Monolingual,NEGATIVE
1246167959044870100,Monolingual,NEGATIVE
1323752901370663e3,Monolingual,NEGATIVE
1128765862062768100,Monolingual,NEGATIVE
1076200929869877100,Monolingual,NEGATIVE
1389626970292502500,Monolingual,NEGATIVE
1.22E+18,Monolingual,NEGATIVE
1178673498576887800,Monolingual,NEGATIVE
1281352272413433900,Monolingual,NEGATIVE
1128721711686406100,Monolingual,NEGATIVE
1255982386174742500,Monolingual,NEGATIVE
1208243116915998700,Monolingual,NEGATIVE
900127561677774800,Monolingual,NEGATIVE
942640250064601100,Monolingual,NEGATIVE
141645594600457e4,Monolingual,NEGATIVE
1173701627267735600,Monolingual,NEGATIVE
968430903071518700,Monolingual,NEGATIVE
1393546352014078e3,Monolingual,NEGATIVE
1349329075198947300,Monolingual,NEGATIVE
1293254783432892400,Monolingual,NEGATIVE
1372493806998859800,Monolingual,NEGATIVE
1284638409470992400,Monolingual,NEGATIVE
1185569563838238700,Monolingual,NEGATIVE
1137626653272793100,Monolingual,NEGATIVE
1.19E+18,Monolingual,NEGATIVE
1391102334755823600,Monolingual,NEGATIVE
1225779592285257700,Monolingual,NEGATIVE
1217781206131118e3,Monolingual,NEGATIVE
1396420545571397600,Monolingual,NEGATIVE
1123518394895093800,Monolingual,NEGATIVE
1161495417911173e3,Monolingual,NEGATIVE
1130084304183341e3,Monolingual,NEGATIVE
1286785841956888600,Monolingual,NEGATIVE
1130573817095577600,Monolingual,NEGATIVE
1051187783795187700,Monolingual,NEGATIVE
119367390842948e4,Monolingual,NEGATIVE
1242556856163283e3,Monolingual,NEGATIVE
1216021093082976300,Monolingual,NEGATIVE
1181620860123091e3,Monolingual,NEGATIVE
1313439541517222e3,Monolingual,NEGATIVE
1217204835667390500,Monolingual,NEGATIVE
1378061616089026600,Monolingual,NEGATIVE
1173508881491857400,Monolingual,NEGATIVE
112980373240798e4,Monolingual,NEGATIVE
1078570660211888100,Monolingual,NEGATIVE
1285899292578906e3,Monolingual,NEGATIVE
1076657531919970300,Monolingual,NEGATIVE
1272876503831908400,Monolingual,NEGATIVE
1168983429733654500,Monolingual,NEGATIVE
1377370494467379200,Monolingual,NEGATIVE
1136664857946800100,Monolingual,NEGATIVE
1245468884016271400,Monolingual,NEGATIVE
1108458854126415900,Monolingual,NEGATIVE
1363470115078082600,Monolingual,NEGATIVE
1289971254062063600,Monolingual,NEGATIVE
1188467331137187800,Monolingual,NEGATIVE
1129718575235829800,Monolingual,NEGATIVE
1150701465310249e3,Monolingual,NEGATIVE
1286316289288548400,Monolingual,NEGATIVE
1252905500603289600,Monolingual,NEGATIVE
1308133432711696400,Monolingual,NEGATIVE
1037369523245121400,Monolingual,NEGATIVE
1138484706587136e3,Monolingual,NEGATIVE
1250126660055302100,Monolingual,NEGATIVE
1255957076880359400,Monolingual,NEGATIVE
1302895378841378800,Monolingual,NEGATIVE
1044595837198831600,Monolingual,NEGATIVE
1333535286563926e3,Monolingual,NEGATIVE
1281322870459768800,Monolingual,NEGATIVE
1286727663290286e3,Monolingual,NEGATIVE
1185103939567607800,Monolingual,NEGATIVE
1224729005951201300,Monolingual,NEGATIVE
1233003233557217300,Monolingual,NEGATIVE
1144291957298081800,Monolingual,NEGATIVE
1208772514824048600,Monolingual,NEGATIVE
1067920545142972400,Monolingual,NEGATIVE
1178754287700267e3,Monolingual,NEGATIVE
1214399315193536500,Monolingual,NEGATIVE
1246143622732488700,Monolingual,NEGATIVE
1314714491033129e3,Monolingual,NEGATIVE
786837673600319500,Monolingual,NEGATIVE
1244161457861820400,Monolingual,NEGATIVE
1246663506973335600,Monolingual,NEGATIVE
1235103704333848600,Monolingual,NEGATIVE
1194137996783706e3,Monolingual,NEGATIVE
1200363727603847200,Monolingual,NEGATIVE
1381570817130127400,Monolingual,NEGATIVE
1216758973430411300,Monolingual,NEGATIVE
1173998203282309e3,Monolingual,NEGATIVE
1246928843681796e3,Monolingual,NEGATIVE
1281313424681709600,Monolingual,NEGATIVE
1151388791745200100,Monolingual,NEGATIVE
1073662802517205e3,Monolingual,NEGATIVE
1400533242437062700,Monolingual,NEGATIVE
1180200227497824300,Monolingual,NEGATIVE
1024207400377692200,Monolingual,NEGATIVE
1305437561947644e3,Monolingual,NEGATIVE
1209745019231453200,Monolingual,NEGATIVE
1183474254953750500,Monolingual,NEGATIVE
1267932458428895200,Monolingual,NEGATIVE
1175805904635256800,Monolingual,NEGATIVE
125745518310323e4,Monolingual,NEGATIVE
1011295455366516600,Monolingual,NEGATIVE
1250360163711758300,Monolingual,NEGATIVE
1293616636507938800,Monolingual,NEGATIVE
1313390714303193e3,Monolingual,NEGATIVE
789893117981954e3,Monolingual,NEGATIVE
1167515898556702700,Monolingual,NEGATIVE
1352622830991659e3,Monolingual,NEGATIVE
1248162717715873800,Monolingual,NEGATIVE
1136206706197839900,Monolingual,NEGATIVE
1219528261404852200,Monolingual,NEGATIVE
1118803613449687e3,Monolingual,NEGATIVE
1202719057339977700,Monolingual,NEGATIVE
1251983102928392200,Monolingual,NEGATIVE
120472090347042e4,Monolingual,NEGATIVE
1294696866391773200,Monolingual,NEGATIVE
1370271806712643600,Monolingual,NEGATIVE
1378865640849748e3,Monolingual,NEGATIVE
1357993910283427800,Monolingual,NEGATIVE
1107614544384479200,Monolingual,NEGATIVE
1239682380169990100,Monolingual,NEGATIVE
1305191860584026e3,Monolingual,NEGATIVE
1266650362867564500,Monolingual,NEGATIVE
1271076164036169700,Monolingual,NEGATIVE
1183645341264044e3,Monolingual,NEGATIVE
1278448519813181400,Monolingual,NEGATIVE
1286006067147808800,Monolingual,NEGATIVE
1177881981780217900,Monolingual,NEGATIVE
1397438369890771e3,Monolingual,NEGATIVE
1233489234268446700,Monolingual,NEGATIVE
1365367641473491e3,Monolingual,NEGATIVE
1022420792490033300,Monolingual,NEGATIVE
1120254634151620600,Monolingual,NEGATIVE
1119294988519727100,Monolingual,NEGATIVE
1187642512057471e3,Monolingual,NEGATIVE
1256609148197916700,Monolingual,NEGATIVE
1260693818409615400,Monolingual,NEGATIVE
1155502114942214100,Monolingual,NEGATIVE
979746068350029800,Monolingual,NEGATIVE
774163438356402200,Monolingual,NEGATIVE
1113060896744464400,Monolingual,NEGATIVE
966667221496926200,Monolingual,NEGATIVE
921868329668829200,Monolingual,NEGATIVE
1242131167245148200,Monolingual,NEGATIVE
1197974272058245e3,Monolingual,NEGATIVE
1248384120813584400,Monolingual,NEGATIVE
1104739830989275e3,Monolingual,NEGATIVE
1358462762826006500,Monolingual,NEGATIVE
1273139088879767600,Monolingual,NEGATIVE
1294753711957463e3,Monolingual,NEGATIVE
700425454914826200,Monolingual,NEGATIVE
1183066948642447400,Monolingual,NEGATIVE
1217463066750787600,Monolingual,NEGATIVE
1311408734434984e3,Monolingual,NEGATIVE
1254433288736977e3,Monolingual,NEGATIVE
1291667359565074400,Monolingual,NEGATIVE
890589313326600200,Monolingual,NEGATIVE
1255986419291566e3,Monolingual,NEGATIVE
1255979995266273300,Monolingual,NEGATIVE
1130086239200272400,Monolingual,NEGATIVE
1204435946160230400,Monolingual,NEGATIVE
1313835632700076e3,Monolingual,NEGATIVE
1282784424434774e3,Monolingual,NEGATIVE
1236286889906311200,Monolingual,NEGATIVE
1278084503651655700,Monolingual,NEGATIVE
967458560669110300,Monolingual,NEGATIVE
1190272447540605e3,Monolingual,NEGATIVE
1316654092136087600,Monolingual,NEGATIVE
1267524254293209e3,Monolingual,NEGATIVE
1273343999244488700,Monolingual,NEGATIVE
1379766875647709200,Monolingual,NEGATIVE
1293076076114190300,Monolingual,NEGATIVE
1205426118939033600,Monolingual,NEGATIVE
136397327869662e4,Monolingual,NEGATIVE
1201135491892023300,Monolingual,NEGATIVE
1298346942901215200,Monolingual,NEGATIVE
1249458354721828900,Monolingual,NEGATIVE
1307256622398529500,Monolingual,NEGATIVE
1285652000538075100,Monolingual,NEGATIVE
1114598154077450200,Monolingual,NEGATIVE
1094902528532193300,Monolingual,NEGATIVE
1373417081966837800,Monolingual,NEGATIVE
1272272758408392700,Monolingual,NEGATIVE
1411653309480439800,Monolingual,NEGATIVE
1122795085572255700,Monolingual,NEGATIVE
1367541476222238700,Monolingual,NEGATIVE
1200872212045152300,Monolingual,NEGATIVE
1065556456332845e3,Monolingual,NEGATIVE
1141080579263356900,Monolingual,NEGATIVE
1305948347912593400,Monolingual,NEGATIVE
1304760681720316e3,Monolingual,NEGATIVE
1178073214737686500,Monolingual,NEGATIVE
1150495978723663900,Monolingual,NEGATIVE
1192409495663714300,Monolingual,NEGATIVE
1153427800449269800,Monolingual,NEGATIVE
1164444556923940900,Monolingual,NEGATIVE
1335140368841629700,Monolingual,NEGATIVE
1183039949110685700,Monolingual,NEGATIVE
1297510571219312600,Monolingual,NEGATIVE
1046443607245434900,Monolingual,NEGATIVE
1214286731647869e3,Monolingual,NEGATIVE
1141080579263356900,Monolingual,NEGATIVE
1095450116369145900,Monolingual,NEGATIVE
790521873113215e3,Monolingual,NEGATIVE
1210959155168710700,Monolingual,NEGATIVE
1360344608757207e3,Monolingual,NEGATIVE
1300319399300268e3,Monolingual,NEGATIVE
1330656185188556800,Monolingual,NEGATIVE
137212928337263e4,Monolingual,NEGATIVE
1182235079952740400,Monolingual,NEGATIVE
1131539922228265e3,Monolingual,NEGATIVE
1400493070106386400,Monolingual,NEGATIVE
1369581594751697e3,Monolingual,NEGATIVE
1302895578527957e3,Monolingual,NEGATIVE
875679428587778e3,Monolingual,NEGATIVE
129923405721421e4,Monolingual,NEGATIVE
1103309612499923e3,Monolingual,NEGATIVE
1.19E+18,Monolingual,NEGATIVE
1274666682909438e3,Monolingual,NEGATIVE
1316111573660971e3,Monolingual,NEGATIVE
1136930195770945400,Monolingual,NEGATIVE
1129856315071836200,Monolingual,NEGATIVE
1378845556655685600,Monolingual,NEGATIVE
1248540712385294300,Monolingual,NEGATIVE
1286911009291227100,Monolingual,NEGATIVE
1350525643700789200,Monolingual,NEGATIVE
1262158261891055600,Monolingual,NEGATIVE
1246022660431192e3,Monolingual,NEGATIVE
1383502959200194600,Monolingual,NEGATIVE
963911041502629900,Monolingual,NEGATIVE
1104626947424952300,Monolingual,NEGATIVE
1260913837521371100,Monolingual,NEGATIVE
1393137675583037400,Monolingual,NEGATIVE
1258147127823384600,Monolingual,NEGATIVE
1142430314750447600,Monolingual,NEGATIVE
1133253401167450100,Monolingual,NEGATIVE
1392436779697979400,Monolingual,NEGATIVE
1400903507050389500,Monolingual,NEGATIVE
1264613629527076900,Monolingual,NEGATIVE
1190373360540307500,Monolingual,NEGATIVE
1149256543663218700,Monolingual,NEGATIVE
1293842119606571e3,Monolingual,NEGATIVE
1148678946030047200,Monolingual,NEGATIVE
1076812398760247300,Monolingual,NEGATIVE
1386455496014667800,Monolingual,NEGATIVE
1192903286380216300,Monolingual,NEGATIVE
1145714608432386e3,Monolingual,NEGATIVE
1113465751099387900,Monolingual,NEGATIVE
1276771876984012800,Monolingual,NEGATIVE
1291080459565269e3,Monolingual,NEGATIVE
1188384394307932200,Monolingual,NEGATIVE
1027803107613392900,Monolingual,NEGATIVE
1177671255295697e3,Monolingual,NEGATIVE
1249424340778705e3,Monolingual,NEGATIVE
1098262334852792300,Monolingual,NEGATIVE
1418130503929053200,Monolingual,NEGATIVE
1227902903010152400,Monolingual,NEGATIVE
1395739706500030500,Monolingual,NEGATIVE
1132391601416941600,Monolingual,NEGATIVE
1302008357885276200,Monolingual,NEGATIVE
862591490660421600,Monolingual,NEGATIVE
1135570301746581500,Monolingual,NEGATIVE
796362740663205900,Monolingual,NEGATIVE
1128624312091578400,Monolingual,NEGATIVE
1273346574094041e3,Monolingual,NEGATIVE
736886834345742300,Monolingual,NEGATIVE
1130489065588035600,Monolingual,NEGATIVE
1309963913707094e3,Monolingual,NEGATIVE
1133007413504823300,Monolingual,NEGATIVE
1419257278633554e3,Monolingual,NEGATIVE
1395598159653613600,Monolingual,NEGATIVE
1211766604117221400,Monolingual,NEGATIVE
1368884314239348700,Monolingual,NEGATIVE
1265240682496757800,Monolingual,NEGATIVE
953750887788314600,Monolingual,NEGATIVE
1178686503767171e3,Monolingual,NEGATIVE
1157493732599619600,Monolingual,NEGATIVE
1252861250444202e3,Monolingual,NEGATIVE
1253994526177362e3,Monolingual,NEGATIVE
1314327116264206300,Monolingual,NEGATIVE
1384269015074316300,Monolingual,NEGATIVE
1365044592517742600,Monolingual,NEGATIVE
1129635747370291200,Monolingual,NEGATIVE
1043510407384715400,Monolingual,NEGATIVE
1130227152023150600,Monolingual,NEGATIVE
1287478861039652900,Monolingual,NEGATIVE
1389307075981942800,Monolingual,NEGATIVE
1177487965582348300,Monolingual,NEGATIVE
1053297703030005800,Monolingual,NEGATIVE
1117871784122937300,Monolingual,NEGATIVE
1192471038698897400,Monolingual,NEGATIVE
1116096751285489800,Monolingual,NEGATIVE
1191671824498724900,Monolingual,NEGATIVE
1200407066571137e3,Monolingual,NEGATIVE
1219408999822610400,Monolingual,NEGATIVE
1186960913729048600,Monolingual,NEGATIVE
1239482373017927700,Monolingual,NEGATIVE
1342827757592604700,Monolingual,NEGATIVE
1364917387120828400,Monolingual,NEGATIVE
1059775014944280600,Monolingual,NEGATIVE
1350539152190828500,Monolingual,NEGATIVE
1223301992275161e3,Monolingual,NEGATIVE
1234415470591254500,Monolingual,NEGATIVE
1385930753582805e3,Monolingual,NEGATIVE
1073129565936119800,Monolingual,NEGATIVE
1354367647589269500,Monolingual,NEGATIVE
1215228357987721200,Monolingual,NEGATIVE
1302513235460075500,Monolingual,NEGATIVE
1138428775220355100,Monolingual,NEGATIVE
1286808503072493600,Monolingual,NEGATIVE
1321899271738765300,Monolingual,NEGATIVE
688704750200746e3,Monolingual,NEGATIVE
1177708969579749400,Monolingual,NEGATIVE
1271047087799652400,Monolingual,NEGATIVE
982396109527142400,Monolingual,NEGATIVE
1149066435077034e3,Monolingual,NEGATIVE
1237077528990318600,Monolingual,NEGATIVE
1347294000420675600,Monolingual,NEGATIVE
1309112066662436900,Monolingual,NEGATIVE
980686633380012e3,Monolingual,NEGATIVE
1213418089049661400,Monolingual,NEGATIVE
1111376398424236e3,Monolingual,NEGATIVE
1391291345671757800,Monolingual,NEGATIVE
1141278843401056300,Monolingual,NEGATIVE
764098820884029400,Monolingual,NEGATIVE
1251940676641738800,Monolingual,NEGATIVE
1.08E+18,Monolingual,NEGATIVE
866037737421287400,Monolingual,NEGATIVE
1359072628036800500,Monolingual,NEGATIVE
1248907071900303400,Monolingual,NEGATIVE
1255854469604167700,Monolingual,NEGATIVE
1285966380534308900,Monolingual,NEGATIVE
1321454203521372200,Monolingual,NEGATIVE
698189369799282700,Monolingual,NEGATIVE
1127842551237623800,Monolingual,NEGATIVE
1056964396549918700,Monolingual,NEGATIVE
1273487616386760700,Monolingual,NEGATIVE
1121050057283969e3,Monolingual,NEGATIVE
1241403924931846100,Monolingual,NEGATIVE
1202290990570229800,Monolingual,NEGATIVE
1163355956526362600,Monolingual,NEGATIVE
1222997936461795300,Monolingual,NEGATIVE
1234558760380747800,Monolingual,NEGATIVE
1304480145684693e3,Monolingual,NEGATIVE
1180270498174963700,Monolingual,NEGATIVE
1313445387806675e3,Monolingual,NEGATIVE
790208748740603900,Monolingual,NEGATIVE
1115545641881620500,Monolingual,NEGATIVE
1406720638182695e3,Monolingual,NEGATIVE
1321467255264338e3,Monolingual,NEGATIVE
1258141865519517700,Monolingual,NEGATIVE
1236596634315825200,Monolingual,NEGATIVE
1209605506265952300,Monolingual,NEGATIVE
1387832934426677200,Monolingual,NEGATIVE
1195399087044153300,Monolingual,NEGATIVE
1172110042650284e3,Monolingual,NEGATIVE
963790239549546500,Monolingual,NEGATIVE
1038463729187397600,Monolingual,NEGATIVE
1240261447025922e3,Monolingual,NEGATIVE
1301969761505546200,Monolingual,NEGATIVE
1380823300952236e3,Monolingual,NEGATIVE
1391982564349460500,Monolingual,NEGATIVE
1392374148995952600,Monolingual,NEGATIVE
1254006013495332900,Monolingual,NEGATIVE
117826258112077e4,Monolingual,NEGATIVE
1350747162855018500,Monolingual,NEGATIVE
1115520979466379400,Monolingual,NEGATIVE
845156816694607900,Monolingual,NEGATIVE
1182301077812793300,Monolingual,NEGATIVE
1296166145448390700,Monolingual,NEGATIVE
1331617002729967600,Monolingual,NEGATIVE
1386550295304581e3,Monolingual,NEGATIVE
1325548131946287e3,Monolingual,NEGATIVE
1169325382430089200,Monolingual,NEGATIVE
1251989709192073200,Monolingual,NEGATIVE
1199305402434936800,Monolingual,NEGATIVE
1285129359775477800,Monolingual,NEGATIVE
1088708742416351200,Monolingual,NEGATIVE
1268528729191481300,Monolingual,NEGATIVE
1332660001039585300,Monolingual,NEGATIVE
1259193562710892500,Monolingual,NEGATIVE
1162865184161095700,Monolingual,NEGATIVE
1220812345322233900,Monolingual,NEGATIVE
1073129565936119800,Monolingual,NEGATIVE
118691788852924e4,Monolingual,NEGATIVE
774163438356402200,Monolingual,NEGATIVE
1156754355154030600,Monolingual,NEGATIVE
1318049985850728400,Monolingual,NEGATIVE
1198580598182416400,Monolingual,NEGATIVE
1135777682208243700,Monolingual,NEGATIVE
1217567974367907800,Monolingual,NEGATIVE
1244555163144257500,Monolingual,NEGATIVE
1152142867026108400,Monolingual,NEGATIVE
1116826575947878400,Monolingual,NEGATIVE
1226201516450644e3,Monolingual,NEGATIVE
1243995056496918500,Monolingual,NEGATIVE
1263047512606335e3,Monolingual,NEGATIVE
1251609576337813500,Monolingual,NEGATIVE
1172774640319639600,Monolingual,NEGATIVE
1266281694815912e3,Monolingual,NEGATIVE
1260551639934677e3,Monolingual,NEGATIVE
1414321273191161900,Monolingual,NEGATIVE
1251886424292577300,Monolingual,NEGATIVE
1177230390123270100,Monolingual,NEGATIVE
1075886928376070100,Monolingual,NEGATIVE
1068076519657013100,Monolingual,NEGATIVE
1339478501662048300,Monolingual,NEGATIVE
1236712253086466e3,Monolingual,NEGATIVE
1400548934045601800,Monolingual,NEGATIVE
1340894378240471e3,Monolingual,NEGATIVE
857668055853412400,Monolingual,NEGATIVE
1365552737644118e3,Monolingual,NEGATIVE
879598990400081900,Monolingual,NEGATIVE
1352760825900052500,Monolingual,NEGATIVE
1293128115577921500,Monolingual,NEGATIVE
920629311656353800,Monolingual,NEGATIVE
1384771527518965800,Monolingual,NEGATIVE
1123166295334314e3,Monolingual,NEGATIVE
1044184230924816400,Monolingual,NEGATIVE
1268459224276897800,Monolingual,NEGATIVE
1118811447751053300,Monolingual,NEGATIVE
1119129907613687800,Monolingual,NEGATIVE
1131313001930338300,Monolingual,NEGATIVE
1233252595076124700,Monolingual,NEGATIVE
1351545423777976300,Monolingual,NEGATIVE
1100140734320177300,Monolingual,NEGATIVE
1180824375483875300,Monolingual,NEGATIVE
1305091063372226600,Monolingual,NEGATIVE
1386354820576161800,Monolingual,NEGATIVE
1139504289724940300,Monolingual,NEGATIVE
1199024456406048800,Monolingual,NEGATIVE
1139065370478817300,Monolingual,NEGATIVE
1006648400064991200,Monolingual,NEGATIVE
1177215015172169700,Monolingual,NEGATIVE
1152333732474433400,Monolingual,NEGATIVE
1269368845388652500,Monolingual,NEGATIVE
1349261834315059200,Monolingual,NEGATIVE
1172900131538133e3,Monolingual,NEGATIVE
1203258175136379e3,Monolingual,NEGATIVE
1349097349491150800,Monolingual,NEGATIVE
860730320202731500,Monolingual,NEGATIVE
1246072419632197600,Monolingual,NEGATIVE
1289685138209534e3,Monolingual,NEGATIVE
1263718518907908e3,Monolingual,NEGATIVE
1263002758703206400,Monolingual,NEGATIVE
1251125734757761e3,Monolingual,NEGATIVE
1350638564682424300,Monolingual,NEGATIVE
1283116760938446800,Monolingual,NEGATIVE
1375824560898052e3,Monolingual,NEGATIVE
1211072167418507300,Monolingual,NEGATIVE
1184585214036791300,Monolingual,NEGATIVE
1283537249070653400,Monolingual,NEGATIVE
1317943912640794600,Monolingual,NEGATIVE
1297603986472738800,Monolingual,NEGATIVE
1041261852192321400,Monolingual,NEGATIVE
1304009753513914400,Monolingual,NEGATIVE
1111606932861841400,Monolingual,NEGATIVE
762747288091521e3,Monolingual,NEGATIVE
1188468894924705800,Monolingual,NEGATIVE
1170482889227735e3,Monolingual,NEGATIVE
946344107747823600,Monolingual,NEGATIVE
1261988094003347500,Monolingual,NEGATIVE
1.32E+18,Monolingual,NEGATIVE
1335236422396162e3,Monolingual,NEGATIVE
1281090178036248600,Monolingual,NEGATIVE
1202244596195111e3,Monolingual,NEGATIVE
1263727521255784400,Monolingual,NEGATIVE
1360886445213376500,Monolingual,NEGATIVE
1251449029004796e3,Monolingual,NEGATIVE
1259929988477968400,Monolingual,NEGATIVE
1281702553122726e3,Monolingual,NEGATIVE
1254834835035750400,Monolingual,NEGATIVE
1263835252558123e3,Monolingual,NEGATIVE
1343606587173310500,Monolingual,NEGATIVE
1388609879821127700,Monolingual,NEGATIVE
1224447654681145300,Monolingual,NEGATIVE
785171190268694500,Monolingual,NEGATIVE
1295125555961004e3,Monolingual,NEGATIVE
1312793704307085300,Monolingual,NEGATIVE
1254722044324974600,Monolingual,NEGATIVE
1259574386530623500,Monolingual,NEGATIVE
1308844173869691e3,Monolingual,NEGATIVE
1346388234360729600,Monolingual,NEGATIVE
1339234945995305e3,Monolingual,NEGATIVE
1399406163825934300,Monolingual,NEGATIVE
1210845911049547800,Monolingual,NEGATIVE
1216074535398789e3,Monolingual,NEGATIVE
1238910204579909600,Monolingual,NEGATIVE
1288862290800971800,Monolingual,NEGATIVE
1129684601646006300,Monolingual,NEGATIVE
852223667274752e3,Monolingual,NEGATIVE
1250916810221858800,Monolingual,NEGATIVE
1270000487853625300,Monolingual,NEGATIVE
1130886193942585300,Monolingual,NEGATIVE
1302993761060954e3,Monolingual,NEGATIVE
698591839780257800,Monolingual,NEGATIVE
1248629125733998600,Monolingual,NEGATIVE
1402371636171620400,Monolingual,NEGATIVE
1377380034697076700,Monolingual,NEGATIVE
1399393342694252500,Monolingual,NEGATIVE
1251999582063677400,Monolingual,NEGATIVE
1055527623114285e3,Monolingual,NEGATIVE
713434211986837500,Monolingual,NEGATIVE
1188540743704551400,Monolingual,NEGATIVE
934886122907471900,Monolingual,NEGATIVE
1220098654264008700,Monolingual,NEGATIVE
1135300814564708500,Monolingual,NEGATIVE
1323750921172648e3,Monolingual,NEGATIVE
139583544924407e4,Monolingual,NEGATIVE
1095388891933233300,Monolingual,NEGATIVE
1229997610666283e3,Monolingual,NEGATIVE
1400115053286899700,Monolingual,NEGATIVE
1051499634181513200,Monolingual,NEGATIVE
1387763872531161e3,Monolingual,NEGATIVE
1227676659635101700,Monolingual,NEGATIVE
1258191697009393700,Monolingual,NEGATIVE
1364505042078883800,Monolingual,NEGATIVE
1085837618623979500,Monolingual,NEGATIVE
1125416211746046e3,Monolingual,NEGATIVE
1149007365611630600,Monolingual,NEGATIVE
1036299359053328400,Monolingual,NEGATIVE
1257444967594721300,Monolingual,NEGATIVE
853868479602143200,Monolingual,NEGATIVE
1302675219610509300,Monolingual,NEGATIVE
1142784667965431800,Monolingual,NEGATIVE
1200832156685209600,Monolingual,NEGATIVE
922178511758090200,Monolingual,NEGATIVE
1311706440319602700,Monolingual,NEGATIVE
1247411244572827600,Monolingual,NEGATIVE
1108001329954373600,Monolingual,NEGATIVE
1180573211160973300,Monolingual,NEGATIVE
1248414677207408600,Monolingual,NEGATIVE
1149422240829706200,Monolingual,NEGATIVE
1115665531825213400,Monolingual,NEGATIVE
1155922943240822800,Monolingual,NEGATIVE
1135800159072333800,Monolingual,NEGATIVE
1392863929773219800,Monolingual,NEGATIVE
1171113228576985e3,Monolingual,NEGATIVE
1156646343500337200,Monolingual,NEGATIVE
1278657618588897300,Monolingual,NEGATIVE
831979254632034300,Monolingual,NEGATIVE
1200897537919668200,Monolingual,NEGATIVE
137231035459686e4,Monolingual,NEGATIVE
1306531637417701400,Monolingual,NEGATIVE
1386772334057607200,Monolingual,NEGATIVE
1293605091572945e3,Monolingual,NEGATIVE
1339619663651754e3,Monolingual,NEGATIVE
1130860119258832900,Monolingual,NEGATIVE
1241296524967116800,Monolingual,NEGATIVE
1308317754756395e3,Monolingual,NEGATIVE
1364917984981110800,Monolingual,NEGATIVE
1114471862887747600,Monolingual,NEGATIVE
1369792649037836300,Monolingual,NEGATIVE
1415726256771960800,Monolingual,NEGATIVE
1294308164318503e3,Monolingual,NEGATIVE
1390399427010039800,Monolingual,NEGATIVE
818180141872463900,Monolingual,NEGATIVE
1406231410189475800,Monolingual,NEGATIVE
949987282840375300,Monolingual,NEGATIVE
1.26E+18,Monolingual,NEGATIVE
1177805408330748e3,Monolingual,NEGATIVE
1304492651992014800,Monolingual,NEGATIVE
1091061481213431800,Monolingual,NEGATIVE
1261590084505256e3,Monolingual,NEGATIVE
1302189495962538e3,Monolingual,NEGATIVE
1275899987805773800,Monolingual,NEGATIVE
1290031947771592700,Monolingual,NEGATIVE
1218581847652913200,Monolingual,NEGATIVE
757943946504986600,Monolingual,NEGATIVE
1103267205461016600,Monolingual,NEGATIVE
1250808808173166600,Monolingual,NEGATIVE
1390414249911066600,Monolingual,NEGATIVE
1302879617116762e3,Monolingual,NEGATIVE
1137309636594479100,Monolingual,NEGATIVE
1208793188040872e3,Monolingual,NEGATIVE
1.42E+18,Monolingual,NEGATIVE
1062044724314497e3,Monolingual,NEGATIVE
1391666999483326500,Monolingual,NEGATIVE
1251180084381323300,Monolingual,NEGATIVE
1211643880669626400,Monolingual,NEGATIVE
920058062458839e3,Monolingual,NEGATIVE
1151606623426818e3,Monolingual,NEGATIVE
1030785895337787400,Monolingual,NEGATIVE
1272291872996839400,Monolingual,NEGATIVE
1309568086400524300,Monolingual,NEGATIVE
1356600057630490600,Monolingual,NEGATIVE
1285648365162762200,Monolingual,NEGATIVE
1.18E+18,Monolingual,NEGATIVE
1137368566704029700,Monolingual,NEGATIVE
1146100515643764600,Monolingual,NEGATIVE
1215759016909066200,Monolingual,NEGATIVE
1273733573326049300,Monolingual,NEGATIVE
1350185638017069e3,Monolingual,NEGATIVE
1202900307329659e3,Monolingual,NEGATIVE
1156620052961157e3,Monolingual,NEGATIVE
1248902447139094500,Monolingual,NEGATIVE
1328723408201379800,Monolingual,NEGATIVE
1406261508598796300,Monolingual,NEGATIVE
1332046485995839500,Monolingual,NEGATIVE
1300420505518911500,Monolingual,NEGATIVE
117722881962061e4,Monolingual,NEGATIVE
1067823660323536900,Monolingual,NEGATIVE
1271022760685457400,Monolingual,NEGATIVE
1139065370478817300,Monolingual,NEGATIVE
118433659994291e4,Monolingual,NEGATIVE
1350552324134023200,Monolingual,NEGATIVE
1277292103211593700,Monolingual,NEGATIVE
1068148648243077100,Monolingual,NEGATIVE
1367554083180150800,Monolingual,NEGATIVE
1205241819753267200,Monolingual,NEGATIVE
1149563353997561900,Monolingual,NEGATIVE
1317771124185403400,Monolingual,NEGATIVE
1313546605744861200,Monolingual,NEGATIVE
1218872873474982e3,Monolingual,NEGATIVE
8.17E+17,Monolingual,NEGATIVE
1414132498762698800,Monolingual,NEGATIVE
1029822574396665900,Monolingual,NEGATIVE
1098968855521779700,Monolingual,NEGATIVE
1273562355213926400,Monolingual,NEGATIVE
1273018213232672800,Monolingual,NEGATIVE
1207747627040804900,Monolingual,NEGATIVE
787628863631290400,Monolingual,NEGATIVE
1221116425131188200,Monolingual,NEGATIVE
1239178678950559700,Monolingual,NEGATIVE
1197399108199288800,Monolingual,NEGATIVE
1088029783106166800,Monolingual,NEGATIVE
1275684253553000400,Monolingual,NEGATIVE
1289960625968275500,Monolingual,NEGATIVE
948310425107685400,Monolingual,NEGATIVE
1232270494533136400,Monolingual,NEGATIVE
1041437226914259e3,Monolingual,NEGATIVE
1244019557372768300,Monolingual,NEGATIVE
1138057589198131200,Monolingual,NEGATIVE
1232782865739534300,Monolingual,NEGATIVE
1130223454064717800,Monolingual,NEGATIVE
1384528950467125200,Monolingual,NEGATIVE
1.19E+18,Monolingual,NEGATIVE
1178959378071904300,Monolingual,NEGATIVE
1364654915663106e3,Monolingual,NEGATIVE
1375544507769446400,Monolingual,NEGATIVE
1235316889364181e3,Monolingual,NEGATIVE
1171348746384355300,Monolingual,NEGATIVE
1162468104846434300,Monolingual,NEGATIVE
1183046163727036400,Monolingual,NEGATIVE
1019942395474071700,Monolingual,NEGATIVE
1293080333596991500,Monolingual,NEGATIVE
750437375839535100,Monolingual,NEGATIVE
1380551669579194400,Monolingual,NEGATIVE
1056289223962169300,Monolingual,NEGATIVE
1234891310542344200,Monolingual,NEGATIVE
1231660679913988e3,Monolingual,NEGATIVE
1127107078567485400,Monolingual,NEGATIVE
1211959023421055e3,Monolingual,NEGATIVE
1196476784113533e3,Monolingual,NEGATIVE
1258022059499806700,Monolingual,NEGATIVE
1272287774545191e3,Monolingual,NEGATIVE
1321306737287323600,Monolingual,NEGATIVE
1256165704560148500,Monolingual,NEGATIVE
1169208592060309500,Monolingual,NEGATIVE
1341649340784398300,Monolingual,NEGATIVE
1279754817947209700,Monolingual,NEGATIVE
1163879491581726700,Monolingual,NEGATIVE
1336430525964316700,Monolingual,NEGATIVE
1277976497731465200,Monolingual,NEGATIVE
1151418642476752900,Monolingual,NEGATIVE
1258842367567814700,Monolingual,NEGATIVE
1268274480998162400,Monolingual,NEGATIVE
1145435748734242800,Monolingual,NEGATIVE
1126378109735964700,Monolingual,NEGATIVE
1272164472615026700,Monolingual,NEGATIVE
1293571940272218e3,Monolingual,NEGATIVE
1165930509907701800,Monolingual,NEGATIVE
1162267286209589200,Monolingual,NEGATIVE
700303654314709e3,Monolingual,NEGATIVE
1365678240103342e3,Monolingual,NEGATIVE
1271955465803530200,Monolingual,NEGATIVE
1267720175886925800,Monolingual,NEGATIVE
1254008408010887200,Monolingual,NEGATIVE
1169164033297137700,Monolingual,NEGATIVE
733406045394116600,Monolingual,NEGATIVE
1292155743785943e3,Monolingual,NEGATIVE
1110983181178675200,Monolingual,NEGATIVE
1392426870499680300,Monolingual,NEGATIVE
1327731800614056e3,Monolingual,NEGATIVE
1112270428503007200,Monolingual,NEGATIVE
1357565137461407700,Monolingual,NEGATIVE
1123566133288865800,Monolingual,NEGATIVE
1082368057337675800,Monolingual,NEGATIVE
1270721435435020300,Monolingual,NEGATIVE
1269938003495051300,Monolingual,NEGATIVE
1226370964772081700,Monolingual,NEGATIVE
1290677857086255e3,Monolingual,NEGATIVE
1125167800488747e3,Monolingual,NEGATIVE
1024034142076502e3,Monolingual,NEGATIVE
1296795855182344200,Monolingual,NEGATIVE
1258843987043135500,Monolingual,NEGATIVE
1178046129948237800,Monolingual,NEGATIVE
1093011836079915e3,Monolingual,NEGATIVE
1174586432914112500,Monolingual,NEGATIVE
1199017263292174300,Monolingual,NEGATIVE
1263963939894956e3,Monolingual,NEGATIVE
1138843126322401300,Monolingual,NEGATIVE
1204469751424209e3,Monolingual,NEGATIVE
1100106832671055900,Monolingual,NEGATIVE
1246840830683381800,Monolingual,NEGATIVE
1246459183765115e3,Monolingual,NEGATIVE
1265685454453702700,Monolingual,NEGATIVE
1212046425158307800,Monolingual,NEGATIVE
1320415998915338200,Monolingual,NEGATIVE
1332231493377269800,Monolingual,NEGATIVE
1133015060358541300,Monolingual,NEGATIVE
1351770327332884500,Monolingual,NEGATIVE
1331615656484200400,Monolingual,NEGATIVE
707696359412015100,Monolingual,NEGATIVE
1177205689837588500,Monolingual,NEGATIVE
1371890801563873300,Monolingual,NEGATIVE
1.14E+18,Monolingual,NEGATIVE
141613079992619e4,Monolingual,NEGATIVE
1416326250256294e3,Monolingual,NEGATIVE
1029738134374949e3,Monolingual,NEGATIVE
124496894735258e4,Monolingual,NEGATIVE
1052469477936259100,Monolingual,NEGATIVE
1385323245214355500,Monolingual,NEGATIVE
1130384954972672e3,Monolingual,NEGATIVE
1208145055795613700,Monolingual,NEGATIVE
1312192410886172700,Monolingual,NEGATIVE
1210093675004530700,Monolingual,NEGATIVE
738609364387270700,Monolingual,NEGATIVE
1272164652072546300,Monolingual,NEGATIVE
1189884524915761200,Monolingual,NEGATIVE
1.20E+18,Monolingual,NEGATIVE
1265100596295630800,Monolingual,NEGATIVE
1221786602080477200,Monolingual,NEGATIVE
1318977313648889900,Monolingual,NEGATIVE
1275320030427787300,Monolingual,NEGATIVE
1164106283877896200,Monolingual,NEGATIVE
1251995813447860200,Monolingual,NEGATIVE
1165233015078961200,Monolingual,NEGATIVE
1129485647310463e3,Monolingual,NEGATIVE
1055163017674022900,Monolingual,NEGATIVE
883453461727244300,Monolingual,NEGATIVE
1.31E+18,Monolingual,NEGATIVE
1280003992878231600,Monolingual,NEGATIVE
923802781709893600,Monolingual,NEGATIVE
1307084526032748500,Monolingual,NEGATIVE
1254898938483748900,Monolingual,NEGATIVE
1400903507050389500,Monolingual,NEGATIVE
767128775649787900,Monolingual,NEGATIVE
1370430012957024300,Monolingual,NEGATIVE
1254830178359967700,Monolingual,NEGATIVE
1088343845807493100,Monolingual,NEGATIVE
1359874646183735300,Monolingual,NEGATIVE
1295460203807334400,Monolingual,NEGATIVE
1389460446340685800,Monolingual,NEGATIVE
1215945678305841200,Monolingual,NEGATIVE
1143577184512200700,Monolingual,NEGATIVE
1136206706197839900,Monolingual,NEGATIVE
1248144360002248700,Monolingual,NEGATIVE
1270400741656670200,Monolingual,NEGATIVE
1129487559594319900,Monolingual,NEGATIVE
1277618857977483300,Monolingual,NEGATIVE
1133845478322393100,Monolingual,NEGATIVE
1243985451985309700,Monolingual,NEGATIVE
982745227105534e3,Monolingual,NEGATIVE
1382667489646153700,Monolingual,NEGATIVE
1338802362232737800,Monolingual,NEGATIVE
1316969191090626600,Monolingual,NEGATIVE
1174984408094453800,Monolingual,NEGATIVE
1182641105826910200,Monolingual,NEGATIVE
1400863612621791200,Monolingual,NEGATIVE
1089860162708561900,Monolingual,NEGATIVE
1140251113331077100,Monolingual,NEGATIVE
1109345704441532400,Monolingual,NEGATIVE
1379547136044507100,Monolingual,NEGATIVE
1003717028740509700,Monolingual,NEGATIVE
1088103723950313500,Monolingual,NEGATIVE
1115568471327244300,Monolingual,NEGATIVE
1218121517722148900,Monolingual,NEGATIVE
1271555749932605400,Monolingual,NEGATIVE
1244189469475065900,Monolingual,NEGATIVE
978284646873092100,Monolingual,NEGATIVE
1181845762231226400,Monolingual,NEGATIVE
1156468649189945300,Monolingual,NEGATIVE
1094895255030239200,Monolingual,NEGATIVE
1267935789935198200,Monolingual,NEGATIVE
1369628252101345300,Monolingual,NEGATIVE
1267844454477631500,Monolingual,NEGATIVE
1032298764340535300,Monolingual,NEGATIVE
1082050652610719700,Monolingual,NEGATIVE
1240736424661528600,Monolingual,NEGATIVE
1303117276271566800,Monolingual,NEGATIVE
1121015271911829500,Monolingual,NEGATIVE
1.27E+18,Monolingual,NEGATIVE
1322978453470220300,Monolingual,NEGATIVE
1354901148864491500,Monolingual,NEGATIVE
1189627492044345300,Monolingual,NEGATIVE
1318143306069586e3,Monolingual,NEGATIVE
1203566992176898e3,Monolingual,NEGATIVE
1399589186437537800,Monolingual,NEGATIVE
1091460169324773400,Monolingual,NEGATIVE
1136516792246067200,Monolingual,NEGATIVE
1308083779601420300,Monolingual,NEGATIVE
698591839780257800,Monolingual,NEGATIVE
1157165095719276500,Monolingual,NEGATIVE
1336254923126747100,Monolingual,NEGATIVE
1199009995913867300,Monolingual,NEGATIVE
1391536663428481e3,Monolingual,NEGATIVE
1180589434443423700,Monolingual,NEGATIVE
1251001077157318700,Monolingual,NEGATIVE
1131466248703881200,Monolingual,NEGATIVE
852921007283347500,Monolingual,NEGATIVE
1257552635374252e3,Monolingual,NEGATIVE
1195591799051608e3,Monolingual,NEGATIVE
1231294834847232e3,Monolingual,NEGATIVE
1375511727597449200,Monolingual,NEGATIVE
1109105712783867900,Monolingual,NEGATIVE
945513430190055400,Monolingual,NEGATIVE
1186690723967574e3,Monolingual,NEGATIVE
1095444700876734600,Monolingual,NEGATIVE
1042461391494565900,Monolingual,NEGATIVE
1232564206739841e3,Monolingual,NEGATIVE
1130119746706444300,Monolingual,NEGATIVE
1202325984885837800,Monolingual,NEGATIVE
1152683745914343400,Monolingual,NEGATIVE
1129714154984677400,Monolingual,NEGATIVE
1166795919377031200,Monolingual,NEGATIVE
1325534203765796900,Monolingual,NEGATIVE
1100745761397067800,Monolingual,NEGATIVE
1305781696080556e3,Monolingual,NEGATIVE
1194960763670151200,Monolingual,NEGATIVE
1299061785979498500,Monolingual,NEGATIVE
122917130002065e4,Monolingual,NEGATIVE
1261018056580575200,Monolingual,NEGATIVE
1361759400826912800,Monolingual,NEGATIVE
1347305524765880300,Monolingual,NEGATIVE
1136642882977370100,Monolingual,NEGATIVE
1280536938525667300,Monolingual,NEGATIVE
1379361421088190500,Monolingual,NEGATIVE
1256974774867308500,Monolingual,NEGATIVE
119933242230485e4,Monolingual,NEGATIVE
1300146196196085800,Monolingual,NEGATIVE
1249407429164621800,Monolingual,NEGATIVE
1245079713892139e3,Monolingual,NEGATIVE
1138456607799631900,Monolingual,NEGATIVE
1244316456474607600,Monolingual,NEGATIVE
1297802117604946e3,Monolingual,NEGATIVE
1213439416234102800,Monolingual,NEGATIVE
1217774034466852900,Monolingual,NEGATIVE
1234925075931041800,Monolingual,NEGATIVE
1300878176395104300,Monolingual,NEGATIVE
1249670731329306600,Monolingual,NEGATIVE
1191752798221873200,Monolingual,NEGATIVE
1380112668015624200,Monolingual,NEGATIVE
1359718220828139500,Monolingual,NEGATIVE
1194362844881576e3,Monolingual,NEGATIVE
1405599782664425500,Monolingual,NEGATIVE
1306501558499184600,Monolingual,NEGATIVE
1377142749778993200,Monolingual,NEGATIVE
1181635067812159500,Monolingual,NEGATIVE
1084183630702874600,Monolingual,NEGATIVE
7.69E+17,Monolingual,NEGATIVE
1199382115126841300,Monolingual,NEGATIVE
1403812548915478500,Monolingual,NEGATIVE
1396833285905473500,Monolingual,NEGATIVE
891364994478202900,Monolingual,NEGATIVE
1206616571172536300,Monolingual,NEGATIVE
1375545009374642200,Monolingual,NEGATIVE
1283096184878506e3,Monolingual,NEGATIVE
1183692826535747600,Monolingual,NEGATIVE
1306612146231480300,Monolingual,NEGATIVE
696469474153795600,Monolingual,NEGATIVE
1357998268274327600,Monolingual,NEGATIVE
1048883172610592800,Monolingual,NEGATIVE
1305101842968449e3,Monolingual,NEGATIVE
1279102164993015800,Monolingual,NEGATIVE
1289895319069552600,Monolingual,NEGATIVE
1261758392013590500,Monolingual,NEGATIVE
1125417219523874800,Monolingual,NEGATIVE
1166747083589804e3,Monolingual,NEGATIVE
1138458323244785800,Monolingual,NEGATIVE
1148911265919750100,Monolingual,NEGATIVE
927156097961615400,Monolingual,NEGATIVE
1111707191772397600,Monolingual,NEGATIVE
1311141621665333200,Monolingual,NEGATIVE
1375304656319090700,Monolingual,NEGATIVE
1122525084130979800,Monolingual,NEGATIVE
1338581704416620500,Monolingual,NEGATIVE
1260867648822313e3,Monolingual,NEGATIVE
1376763860485562400,Monolingual,NEGATIVE
1318658409693053e3,Monolingual,NEGATIVE
1310871853385343e3,Monolingual,NEGATIVE
1133015060358541300,Monolingual,NEGATIVE
1296339587325923300,Monolingual,NEGATIVE
1129736551766941700,Monolingual,NEGATIVE
1285593570632704e3,Monolingual,NEGATIVE
1396880285615153200,Monolingual,NEGATIVE
1045943897233461100,Monolingual,NEGATIVE
1339164055748145200,Monolingual,NEGATIVE
1258062159306784800,Monolingual,NEGATIVE
1130768836272250900,Monolingual,NEGATIVE
1194510047306567700,Monolingual,NEGATIVE
1183473087066640400,Monolingual,NEGATIVE
1190253020413603800,Monolingual,NEGATIVE
1223168556403253200,Monolingual,NEGATIVE
837606593382477800,Monolingual,NEGATIVE
1313974430830407700,Monolingual,NEGATIVE
986316400955461600,Monolingual,NEGATIVE
1260199497185005600,Monolingual,NEGATIVE
1002617430538059800,Monolingual,NEGATIVE
700305207293517800,Monolingual,NEGATIVE
1164587993585397800,Monolingual,NEGATIVE
1274717507396472800,Monolingual,NEGATIVE
1252563986572357600,Monolingual,NEGATIVE
1262378275839586300,Monolingual,NEGATIVE
1371969340476625e3,Monolingual,NEGATIVE
791344934343368700,Monolingual,NEGATIVE
1183776882627616800,Monolingual,NEGATIVE
1152916174860095500,Monolingual,NEGATIVE
1296171856278552600,Monolingual,NEGATIVE
1257262038931443700,Monolingual,NEGATIVE
1208020042505490400,Monolingual,NEGATIVE
1135563740982796300,Monolingual,NEGATIVE
1142428443143016300,Monolingual,NEGATIVE
1247420660030242800,Monolingual,NEGATIVE
1212680154331398100,Monolingual,NEGATIVE
1362333066065285e3,Monolingual,NEGATIVE
132843211256798e4,Monolingual,NEGATIVE
1390704697938436e3,Monolingual,NEGATIVE
1048526899910258700,Monolingual,NEGATIVE
1275748874381074400,Monolingual,NEGATIVE
1247223049902006300,Monolingual,NEGATIVE
1332621166989742e3,Monolingual,NEGATIVE
731005549425397800,Monolingual,NEGATIVE
1250485752133279700,Monolingual,NEGATIVE
1274780285364777e3,Monolingual,NEGATIVE
1048846535713349600,Monolingual,NEGATIVE
735051710083797e3,Monolingual,NEGATIVE
1128332270845165600,Monolingual,NEGATIVE
1255782638880796700,Monolingual,NEGATIVE
1269194470542753800,Monolingual,NEGATIVE
1221178821669462e3,Monolingual,NEGATIVE
1183123709156085800,Monolingual,NEGATIVE
1187615594063040500,Monolingual,NEGATIVE
1230985617145766e3,Monolingual,NEGATIVE
1095223499562602500,Monolingual,NEGATIVE
1255408058022473700,Monolingual,NEGATIVE
1130180953056448500,Monolingual,NEGATIVE
1104688308641243e3,Monolingual,NEGATIVE
1118811447751053300,Monolingual,NEGATIVE
1150548333917888500,Monolingual,NEGATIVE
1273632931953758200,Monolingual,NEGATIVE
1165962937963614200,Monolingual,NEGATIVE
1257039440062623700,Monolingual,NEGATIVE
1270980855733895200,Monolingual,NEGATIVE
1260244131760279600,Monolingual,NEGATIVE
1100873685332869100,Monolingual,NEGATIVE
1273113658390954e3,Monolingual,NEGATIVE
1349452654246822e3,Monolingual,NEGATIVE
999328883668410400,Monolingual,NEGATIVE
1248717494216507400,Monolingual,NEGATIVE
1107284357285376e3,Monolingual,NEGATIVE
1209867415833596e3,Monolingual,NEGATIVE
1125313512497197e3,Monolingual,NEGATIVE
1181173993488945200,Monolingual,NEGATIVE
1214324380861390800,Monolingual,NEGATIVE
1031077114387341300,Monolingual,NEGATIVE
1348647723667361800,Monolingual,NEGATIVE
1.16E+18,Monolingual,NEGATIVE
1.40E+18,Monolingual,NEGATIVE
1142784667965431800,Monolingual,NEGATIVE
910228351675183100,Monolingual,NEGATIVE
1384464826282520600,Monolingual,NEGATIVE
1286963610695151600,Monolingual,NEGATIVE
1130891776141566e3,Monolingual,NEGATIVE
1163191428597633e3,Monolingual,NEGATIVE
1284202328061554700,Monolingual,NEGATIVE
1287846678612136e3,Monolingual,NEGATIVE
1387484539996491800,Monolingual,NEGATIVE
1184899678942498800,Monolingual,NEGATIVE
1282377598375428e3,Monolingual,NEGATIVE
1290892223366795300,Monolingual,NEGATIVE
1396384864061034500,Monolingual,NEGATIVE
1222291515151736800,Monolingual,NEGATIVE
1303419399320281e3,Monolingual,NEGATIVE
1217842719114002400,Monolingual,NEGATIVE
1210274422587822e3,Monolingual,NEGATIVE
1370616704666120200,Monolingual,NEGATIVE
1389641300891349e3,Monolingual,NEGATIVE
1348333345336393700,Monolingual,NEGATIVE
1326284630035673e3,Monolingual,NEGATIVE
1262166215763669e3,Monolingual,NEGATIVE
1248694944719609900,Monolingual,NEGATIVE
726742757239316500,Monolingual,NEGATIVE
891340627648155600,Monolingual,NEGATIVE
1217804649832554500,Monolingual,NEGATIVE
1304217706124673e3,Monolingual,NEGATIVE
867012714559942700,Monolingual,NEGATIVE
1141691593474433e3,Monolingual,NEGATIVE
1272589395988791300,Monolingual,NEGATIVE
1070002888548732900,Monolingual,NEGATIVE
1074770233888596e3,Monolingual,NEGATIVE
1.04E+18,Monolingual,NEGATIVE
1234099071402553300,Monolingual,NEGATIVE
1288760202599243800,Monolingual,NEGATIVE
1227158400523481e3,Monolingual,NEGATIVE
1395180791769047e3,Monolingual,NEGATIVE
1222536114168307700,Monolingual,NEGATIVE
943421352220020700,Monolingual,NEGATIVE
1270962006858829800,Monolingual,NEGATIVE
1245827650620395500,Monolingual,NEGATIVE
750260851588857900,Monolingual,NEGATIVE
1321869674271907800,Monolingual,NEGATIVE
1295976014565257200,Monolingual,NEGATIVE
1260973565639381e3,Monolingual,NEGATIVE
1396789352626335700,Monolingual,NEGATIVE
1312746957954330600,Monolingual,NEGATIVE
1178207298222792700,Monolingual,NEGATIVE
1150497955423686700,Monolingual,NEGATIVE
1291103893879914500,Monolingual,NEGATIVE
951398814291816400,Monolingual,NEGATIVE
1262042820141080600,Monolingual,NEGATIVE
1148622485753081900,Monolingual,NEGATIVE
921868329668829200,Monolingual,NEGATIVE
1119344595639382e3,Monolingual,NEGATIVE
124573039235686e4,Monolingual,NEGATIVE
1046443607245434900,Monolingual,NEGATIVE
1303756639082885e3,Monolingual,NEGATIVE
1130767132894089200,Monolingual,NEGATIVE
1293992621162016800,Monolingual,NEGATIVE
1128051587585388500,Monolingual,NEGATIVE
1202880398235197400,Monolingual,NEGATIVE
1309019106436427800,Monolingual,NEGATIVE
1373408053022879700,Monolingual,NEGATIVE
783416549587714e3,Monolingual,NEGATIVE
1342817362765078500,Monolingual,NEGATIVE
1306655149042077700,Monolingual,NEGATIVE
1209170897573159e3,Monolingual,NEGATIVE
1350464288230678500,Monolingual,NEGATIVE
1309843678500978700,Monolingual,NEGATIVE
1254139909251707e3,Monolingual,NEGATIVE
1263431494795702300,Monolingual,NEGATIVE
1306170025984884700,Monolingual,NEGATIVE
1099358003290128400,Monolingual,NEGATIVE
1398425207459782700,Monolingual,NEGATIVE
1283847450193801200,Monolingual,NEGATIVE
1270833533498556400,Monolingual,NEGATIVE
1416039805369131e3,Monolingual,NEGATIVE
1108319017452953600,Monolingual,NEGATIVE
1198638989932187600,Monolingual,NEGATIVE
1133807747483557900,Monolingual,NEGATIVE
854604353780539400,Monolingual,NEGATIVE
1381898559675633700,Monolingual,NEGATIVE
1361973652460347400,Monolingual,NEGATIVE
1220267710455734300,Monolingual,NEGATIVE
1158480251258904600,Monolingual,NEGATIVE
1029030546582773800,Monolingual,NEGATIVE
1286353983465033700,Monolingual,NEGATIVE
1273940885303107600,Monolingual,NEGATIVE
1288457798414729200,Monolingual,NEGATIVE
1228772620461596700,Monolingual,NEGATIVE
1338613493247914e3,Monolingual,NEGATIVE
1414649348365996e3,Monolingual,NEGATIVE
1231238025079873500,Monolingual,NEGATIVE
1295303515880005600,Monolingual,NEGATIVE
1148927560912396300,Monolingual,NEGATIVE
1273157137599025200,Monolingual,NEGATIVE
1278643986476011500,Monolingual,NEGATIVE
1392130232170295300,Monolingual,NEGATIVE
1399680051646537700,Monolingual,NEGATIVE
1180942172369100800,Monolingual,NEGATIVE
1186984023735885800,Monolingual,NEGATIVE
1252220795339800600,Monolingual,NEGATIVE
1279829358820102100,Monolingual,NEGATIVE
1290755419304935400,Monolingual,NEGATIVE
1296555717386739700,Monolingual,NEGATIVE
1287853189937668e3,Monolingual,NEGATIVE
1128212393266380800,Monolingual,NEGATIVE
1142499821359718400,Monolingual,NEGATIVE
1372952553982472200,Monolingual,NEGATIVE
1328737094953541600,Monolingual,NEGATIVE
1180825540875427800,Monolingual,NEGATIVE
1266045961966624800,Monolingual,NEGATIVE
1369731076046852e3,Monolingual,NEGATIVE
1189762059283644400,Monolingual,NEGATIVE
1246235261845020700,Monolingual,NEGATIVE
1390199598086594600,Monolingual,NEGATIVE
1286949918175826e3,Monolingual,NEGATIVE
992693121224978400,Monolingual,NEGATIVE
1250378117409058800,Monolingual,NEGATIVE
1310471623787638800,Monolingual,NEGATIVE
1412287661537173500,Monolingual,NEGATIVE
1097828227429687300,Monolingual,NEGATIVE
1346109032361287700,Monolingual,NEGATIVE
1238474733739532300,Monolingual,NEGATIVE
1118553531630391300,Monolingual,NEGATIVE
1292446939955560400,Monolingual,NEGATIVE
1183364526504317e3,Monolingual,NEGATIVE
1222978445904400400,Monolingual,NEGATIVE
1270993732792389600,Monolingual,NEGATIVE
1051924266558648300,Monolingual,NEGATIVE
1338208757201989600,Monolingual,NEGATIVE
1322961441914310700,Monolingual,NEGATIVE
1264626128595099600,Monolingual,NEGATIVE
1288918865582469e3,Monolingual,NEGATIVE
1174452330470793200,Monolingual,NEGATIVE
1309762688667603e3,Monolingual,NEGATIVE
1178028125613170700,Monolingual,NEGATIVE
1283498265992986600,Monolingual,NEGATIVE
1221356199742005200,Monolingual,NEGATIVE
1248148530017054700,Monolingual,NEGATIVE
1354767745712337e3,Monolingual,NEGATIVE
938868645710696400,Monolingual,NEGATIVE
1339127923970863e3,Monolingual,NEGATIVE
1051359987409322e3,Monolingual,NEGATIVE
1242048498926858200,Monolingual,NEGATIVE
1256503323500449800,Monolingual,NEGATIVE
1395363185868394500,Monolingual,NEGATIVE
751791920704348200,Monolingual,NEGATIVE
807926608862515200,Monolingual,NEGATIVE
1388944068655333400,Monolingual,NEGATIVE
1393190872167112700,Monolingual,NEGATIVE
1310573244752310300,Monolingual,NEGATIVE
1264640435567427600,Monolingual,NEGATIVE
1267381820074659800,Monolingual,NEGATIVE
1349001267234955300,Monolingual,NEGATIVE
1387007085234249700,Monolingual,NEGATIVE
1390047534182277e3,Monolingual,NEGATIVE
1214856788383797200,Monolingual,NEGATIVE
1130227152023150600,Monolingual,NEGATIVE
1364268509035913200,Monolingual,NEGATIVE
1291017550734790700,Monolingual,NEGATIVE
1148907250779603e3,Monolingual,NEGATIVE
1312306662250885e3,Monolingual,NEGATIVE
1133703356650852500,Monolingual,NEGATIVE
1383470128881225700,Monolingual,NEGATIVE
1376508854016602e3,Monolingual,NEGATIVE
1356621752617603e3,Monolingual,NEGATIVE
1122494812597387400,Monolingual,NEGATIVE
1179013025392664600,Monolingual,NEGATIVE
861540548678701e3,Monolingual,NEGATIVE
1339287541950898200,Monolingual,NEGATIVE
1357996554360156200,Monolingual,NEGATIVE
1091234219509121e3,Monolingual,NEGATIVE
1.27E+18,Monolingual,NEGATIVE
1371774959371047e3,Monolingual,NEGATIVE
1045369716729139200,Monolingual,NEGATIVE
1.11E+18,Monolingual,NEGATIVE
1129421383795204100,Monolingual,NEGATIVE
1398950342696616e3,Monolingual,NEGATIVE
1129645284034777100,Monolingual,NEGATIVE
1287041519497678800,Monolingual,NEGATIVE
1318616207918989300,Monolingual,NEGATIVE
1216277679600734200,Monolingual,NEGATIVE
1294236466500063200,Monolingual,NEGATIVE
1292022728879493e3,Monolingual,NEGATIVE
1143123117184868500,Monolingual,NEGATIVE
1278043337535168500,Monolingual,NEGATIVE
1231294834847232e3,Monolingual,NEGATIVE
1370356989834969e3,Monolingual,NEGATIVE
1131219800905199600,Monolingual,NEGATIVE
1274249564963451e3,Monolingual,NEGATIVE
1232983299544551400,Monolingual,NEGATIVE
130484988449178e4,Monolingual,NEGATIVE
685811632002494500,Monolingual,NEGATIVE
1131989602166816800,Monolingual,NEGATIVE
1361824170552795100,Monolingual,NEGATIVE
1396716813350801400,Monolingual,NEGATIVE
1164267613280788500,Monolingual,NEGATIVE
1109523830958104600,Monolingual,NEGATIVE
1338100286582386700,Monolingual,NEGATIVE
1419947178689183700,Monolingual,NEGATIVE
1307011185028616200,Monolingual,NEGATIVE
986355051185758200,Monolingual,NEGATIVE
1131821478893297800,Monolingual,NEGATIVE
1259147824211660800,Monolingual,NEGATIVE
124807976285107e4,Monolingual,NEGATIVE
1267810323035193300,Monolingual,NEGATIVE
1410534314090107e3,Monolingual,NEGATIVE
1305480843092254700,Monolingual,NEGATIVE
1134565429261811700,Monolingual,NEGATIVE
1222405918194851800,Monolingual,NEGATIVE
1243533968382836700,Monolingual,NEGATIVE
1405359898171433e3,Monolingual,NEGATIVE
1418895199967797200,Monolingual,NEGATIVE
1120269870522949600,Monolingual,NEGATIVE
1265546724552126500,Monolingual,NEGATIVE
1291351848859979800,Monolingual,NEGATIVE
983263628777476100,Monolingual,NEGATIVE
1128621612176236500,Monolingual,NEGATIVE
1076103503616053100,Monolingual,NEGATIVE
1316454382226079700,Monolingual,NEGATIVE
1177703108329259e3,Monolingual,NEGATIVE
1399036197456990200,Monolingual,NEGATIVE
1258970728428458e3,Monolingual,NEGATIVE
1419377450304344e3,Monolingual,NEGATIVE
1134723076590112800,Monolingual,NEGATIVE
1314166471157784600,Monolingual,NEGATIVE
738722167580430300,Monolingual,NEGATIVE
1180439215412252700,Monolingual,NEGATIVE
1178738208877793300,Monolingual,NEGATIVE
1187412925721514e3,Monolingual,NEGATIVE
1273379313761517600,Monolingual,NEGATIVE
896404826464165900,Monolingual,NEGATIVE
1172594115265093600,Monolingual,NEGATIVE
1295828474087772200,Monolingual,NEGATIVE
1345104735645405200,Monolingual,NEGATIVE
1226453066657992700,Monolingual,NEGATIVE
1331567925581533200,Monolingual,NEGATIVE
943405972055347200,Monolingual,NEGATIVE
1078761138664456200,Monolingual,NEGATIVE
1269040731819323400,Monolingual,NEGATIVE
1374445196813901800,Monolingual,NEGATIVE
1288461719631736800,Monolingual,NEGATIVE
1103309612499923e3,Monolingual,NEGATIVE
141417617014537e4,Monolingual,NEGATIVE
1138529872811384800,Monolingual,NEGATIVE
1.16E+18,Monolingual,NEGATIVE
1354038372965228500,Monolingual,NEGATIVE
1343202540725432300,Monolingual,NEGATIVE
1265376328339075e3,Monolingual,NEGATIVE
1157546343424036900,Monolingual,NEGATIVE
970223222787575800,Monolingual,NEGATIVE
1231987588283719700,Monolingual,NEGATIVE
1405536507054624800,Monolingual,NEGATIVE
1289992452162506800,Monolingual,NEGATIVE
1133339895290843e3,Monolingual,NEGATIVE
1148853169646121e3,Monolingual,NEGATIVE
1267155274818863e3,Monolingual,NEGATIVE
127552763334699e4,Monolingual,NEGATIVE
1352195273255231500,Monolingual,NEGATIVE
1149422240829706200,Monolingual,NEGATIVE
1157971285235949600,Monolingual,NEGATIVE
1347967490975006700,Monolingual,NEGATIVE
1376103003279736800,Monolingual,NEGATIVE
1362102568550285300,Monolingual,NEGATIVE
1290376807389241300,Monolingual,NEGATIVE
1039938016083669e3,Monolingual,NEGATIVE
1295761873506308e3,Monolingual,NEGATIVE
1112769600129773600,Monolingual,NEGATIVE
1138145768953536500,Monolingual,NEGATIVE
1188530349200023600,Monolingual,NEGATIVE
1194896078375673900,Monolingual,NEGATIVE
1311401474317058e3,Monolingual,NEGATIVE
1084364787600015400,Monolingual,NEGATIVE
1123478412125978600,Monolingual,NEGATIVE
1179140825239953400,Monolingual,NEGATIVE
1215714633698414600,Monolingual,NEGATIVE
1183759900775735300,Monolingual,NEGATIVE
1130217422148034600,Monolingual,NEGATIVE
1200467648481509400,Monolingual,NEGATIVE
965510814596812800,Monolingual,NEGATIVE
1171672282995069e3,Monolingual,NEGATIVE
1240233663981379600,Monolingual,NEGATIVE
891584693178703900,Monolingual,NEGATIVE
1401196563213455400,Monolingual,NEGATIVE
811145936672014300,Monolingual,NEGATIVE
1070599046174335e3,Monolingual,NEGATIVE
1361051851114901500,Monolingual,NEGATIVE
1189138653588668400,Monolingual,NEGATIVE
1074245423773204500,Monolingual,NEGATIVE
1200040774202732500,Monolingual,NEGATIVE
1045400915333779500,Monolingual,NEGATIVE
1175365772975267800,Monolingual,NEGATIVE
1318669104153231400,Monolingual,NEGATIVE
1200673913996529700,Monolingual,NEGATIVE
1286591711402221600,Monolingual,NEGATIVE
1354430932711780400,Monolingual,NEGATIVE
1377586679100362800,Monolingual,NEGATIVE
1401076602965008400,Monolingual,NEGATIVE
1227736979267342300,Monolingual,NEGATIVE
1122945738831478800,Monolingual,NEGATIVE
1256970407413981200,Monolingual,NEGATIVE
1373521432509096e3,Monolingual,NEGATIVE
948168220191739900,Monolingual,NEGATIVE
717108333342273500,Monolingual,NEGATIVE
1371746298630668300,Monolingual,NEGATIVE
1184014297996898300,Monolingual,NEGATIVE
1132244872587612200,Monolingual,NEGATIVE
1320403151011389400,Monolingual,NEGATIVE
1280541412342276e3,Monolingual,NEGATIVE
1174406798977196e3,Monolingual,NEGATIVE
772007665023213600,Monolingual,NEGATIVE
1247999930351968300,Monolingual,NEGATIVE
1390365397812138e3,Monolingual,NEGATIVE
1419937309802307600,Monolingual,NEGATIVE
1280911835781304300,Monolingual,NEGATIVE
1223554414910328800,Monolingual,NEGATIVE
125182271975637e4,Monolingual,NEGATIVE
1163355956526362600,Monolingual,NEGATIVE
1082697378912747500,Monolingual,NEGATIVE
1246360419507323e3,Monolingual,NEGATIVE
1382084594061746200,Monolingual,NEGATIVE
1091275154104168300,Monolingual,NEGATIVE
1375453644112474e3,Monolingual,NEGATIVE
1305767738720301e3,Monolingual,NEGATIVE
1251224052414517200,Monolingual,NEGATIVE
1294578132394168300,Monolingual,NEGATIVE
1056805971622879200,Monolingual,NEGATIVE
1389231319905882e3,Monolingual,NEGATIVE
1118813284550041600,Monolingual,NEGATIVE
1291797336931405800,Monolingual,NEGATIVE
1238476834418897e3,Monolingual,NEGATIVE
694915629787267100,Monolingual,NEGATIVE
1106498280387764200,Monolingual,NEGATIVE
1269710518127865900,Monolingual,NEGATIVE
1168161325400363e3,Monolingual,NEGATIVE
963116531101130800,Monolingual,NEGATIVE
1262646199921803300,Monolingual,NEGATIVE
1131133895049719800,Monolingual,NEGATIVE
1221847980350808e3,Monolingual,NEGATIVE
1251852970985238500,Monolingual,NEGATIVE
1314796438115815400,Monolingual,NEGATIVE
892024503953477600,Monolingual,NEGATIVE
1264503041757188e3,Monolingual,NEGATIVE
1106127907712393200,Monolingual,NEGATIVE
1096761516710334600,Monolingual,NEGATIVE
1260780224498843600,Monolingual,NEGATIVE
1196827510803177500,Monolingual,NEGATIVE
1164444556923940900,Monolingual,NEGATIVE
1151078157539336200,Monolingual,NEGATIVE
1216804719739490300,Monolingual,NEGATIVE
1156519287131181e3,Monolingual,NEGATIVE
1138702914552238100,Monolingual,NEGATIVE
700442242385911800,Monolingual,NEGATIVE
1338950633592942600,Monolingual,NEGATIVE
867469483925008400,Monolingual,NEGATIVE
1094128530676465800,Monolingual,NEGATIVE
1208790268977336300,Monolingual,NEGATIVE
1401194601957019600,Monolingual,NEGATIVE
1166037280194252800,Monolingual,NEGATIVE
1097240391223599100,Monolingual,NEGATIVE
1200423831397175300,Monolingual,NEGATIVE
1363846891163771e3,Monolingual,NEGATIVE
1251273077368946700,Monolingual,NEGATIVE
1214289356271358e3,Monolingual,NEGATIVE
1416355513592389600,Monolingual,NEGATIVE
1382619248007245800,Monolingual,NEGATIVE
1213864750871974e3,Monolingual,NEGATIVE
1152219916533227500,Monolingual,NEGATIVE
1151606623426818e3,Monolingual,NEGATIVE
1189114450802040800,Monolingual,NEGATIVE
891364994478202900,Monolingual,NEGATIVE
1113053643996041200,Monolingual,NEGATIVE
1369928434026229800,Monolingual,NEGATIVE
1264552217916379100,Monolingual,NEGATIVE
1169696000644194300,Monolingual,NEGATIVE
1144872696834089e3,Monolingual,NEGATIVE
1243564706419347500,Monolingual,NEGATIVE
1217567898623004700,Monolingual,NEGATIVE
1276176106446622700,Monolingual,NEGATIVE
1332207428327366700,Monolingual,NEGATIVE
1176917789757644800,Monolingual,NEGATIVE
1176776224196178e3,Monolingual,NEGATIVE
1402630920075686e3,Monolingual,NEGATIVE
1250905942809550800,Monolingual,NEGATIVE
1313852644969021400,Monolingual,NEGATIVE
1133058393911038e3,Monolingual,NEGATIVE
1193902202475221e3,Monolingual,NEGATIVE
733914879489376300,Monolingual,NEGATIVE
1393490412900397e3,Monolingual,NEGATIVE
1136728677872492500,Monolingual,NEGATIVE
1155599221615210500,Monolingual,NEGATIVE
1272626270262657e3,Monolingual,NEGATIVE
1214428652399681500,Monolingual,NEGATIVE
815516149576298500,Monolingual,NEGATIVE
1304661662667022300,Monolingual,NEGATIVE
1184162697962762200,Monolingual,NEGATIVE
1357824695832313900,Monolingual,NEGATIVE
684088712578359300,Monolingual,NEGATIVE
1355070134629642200,Monolingual,NEGATIVE
1224751884625416200,Monolingual,NEGATIVE
1185472717333643300,Monolingual,NEGATIVE
1414350378943058e3,Monolingual,NEGATIVE
1301858119019044900,Monolingual,NEGATIVE
1306189170461880300,Monolingual,NEGATIVE
1243636005049192400,Monolingual,NEGATIVE
1142164808088899600,Monolingual,NEGATIVE
1256313131057336300,Monolingual,NEGATIVE
1292425983908360200,Monolingual,NEGATIVE
1128209288487493600,Monolingual,NEGATIVE
1251251022464458800,Monolingual,NEGATIVE
1304661662667022300,Monolingual,NEGATIVE
1249716549763715e3,Monolingual,NEGATIVE
956090340527820800,Monolingual,NEGATIVE
1143269463288156200,Monolingual,NEGATIVE
1294352620421816300,Monolingual,NEGATIVE
810873549539999700,Monolingual,NEGATIVE
1390034672311283700,Monolingual,NEGATIVE
1277976497731465200,Monolingual,NEGATIVE
1227654927897501700,Monolingual,NEGATIVE
1251105070780952600,Monolingual,NEGATIVE
1256208081266061300,Monolingual,NEGATIVE
1166037280194252800,Monolingual,NEGATIVE
1250128565850509300,Monolingual,NEGATIVE
1148719444417503200,Monolingual,NEGATIVE
1217459530952593400,Monolingual,NEGATIVE
1179076591042924500,Monolingual,NEGATIVE
1052566951392944100,Monolingual,NEGATIVE
1291456466159886300,Monolingual,NEGATIVE
1354903338496761900,Monolingual,NEGATIVE
1134216837925875700,Monolingual,NEGATIVE
1209325301232291800,Monolingual,NEGATIVE
140284947415475e4,Monolingual,NEGATIVE
1328830897735553e3,Monolingual,NEGATIVE
1210089223182848e3,Monolingual,NEGATIVE
1260687467893702700,Monolingual,NEGATIVE
1251134896107593700,Monolingual,NEGATIVE
1059216353440264200,Monolingual,NEGATIVE
1209620241149546500,Monolingual,NEGATIVE
1141682454195036200,Monolingual,NEGATIVE
1253028593648767e3,Monolingual,NEGATIVE
1169212066223333400,Monolingual,NEGATIVE
878637179156791300,Monolingual,NEGATIVE
1242095538914373600,Monolingual,NEGATIVE
1220277032933908500,Monolingual,NEGATIVE
1179823627988095e3,Monolingual,NEGATIVE
1154073732324974600,Monolingual,NEGATIVE
1168985883451809800,Monolingual,NEGATIVE
1405586825713000400,Monolingual,NEGATIVE
1144654573862379500,Monolingual,NEGATIVE
1088103723950313500,Monolingual,NEGATIVE
1245631655840120800,Monolingual,NEGATIVE
1225167267509493800,Monolingual,NEGATIVE
1224541573796573200,Monolingual,NEGATIVE
1303310420288123e3,Monolingual,NEGATIVE
1049004191887319e3,Monolingual,NEGATIVE
1170056062055194600,Monolingual,NEGATIVE
929016597238468600,Monolingual,NEGATIVE
1130534123817361400,Monolingual,NEGATIVE
1157029873728348200,Monolingual,NEGATIVE
1218641128146292700,Monolingual,NEGATIVE
1298946953003270100,Monolingual,NEGATIVE
1256847645219446800,Monolingual,NEGATIVE
1200832156685209600,Monolingual,NEGATIVE
1243336093539467300,Monolingual,NEGATIVE
1186605292404068400,Monolingual,NEGATIVE
1274669597044637700,Monolingual,NEGATIVE
1042654280107393e3,Monolingual,NEGATIVE
1108655178893484e3,Monolingual,NEGATIVE
1236368337527017500,Monolingual,NEGATIVE
1128892149150474200,Monolingual,NEGATIVE
134790774779947e4,Monolingual,NEGATIVE
987775377467740200,Monolingual,NEGATIVE
1274255206587469800,Monolingual,NEGATIVE
1396869955476414500,Monolingual,NEGATIVE
1159063463249010700,Monolingual,NEGATIVE
1359195374720872400,Monolingual,NEGATIVE
1129765023692283900,Monolingual,NEGATIVE
1031217265402892300,Monolingual,NEGATIVE
1392527115841642500,Monolingual,NEGATIVE
1000701051413155800,Monolingual,NEGATIVE
1246723189402730500,Monolingual,NEGATIVE
1144675274702958600,Monolingual,NEGATIVE
1068515441654415400,Monolingual,NEGATIVE
688970637654753300,Monolingual,NEGATIVE
1238390575877050400,Monolingual,NEGATIVE
1304831832861573e3,Monolingual,NEGATIVE
1356894569850425300,Monolingual,NEGATIVE
1175872398052212700,Monolingual,NEGATIVE
8.21E+17,Monolingual,NEGATIVE
974168530542350300,Monolingual,NEGATIVE
1177582722044371e3,Monolingual,NEGATIVE
1371204352396963800,Monolingual,NEGATIVE
1175389959030792200,Monolingual,NEGATIVE
1375451244765057e3,Monolingual,NEGATIVE
1345133699445239800,Monolingual,NEGATIVE
1183024677767319600,Monolingual,NEGATIVE
1128419794385084400,Monolingual,NEGATIVE
1364107939729006600,Monolingual,NEGATIVE
1143474364031127700,Monolingual,NEGATIVE
1336695999893532700,Monolingual,NEGATIVE
1118239220127227900,Monolingual,NEGATIVE
1199365075242487800,Monolingual,NEGATIVE
1394279092929900500,Monolingual,NEGATIVE
1139067330133143700,Monolingual,NEGATIVE
732781094194585600,Monolingual,NEGATIVE
936503522362785800,Monolingual,NEGATIVE
1286294055182389200,Monolingual,NEGATIVE
1247913314715402200,Monolingual,NEGATIVE
1387776623005651e3,Monolingual,NEGATIVE
1055099280627847200,Monolingual,NEGATIVE
1250181824833298400,Monolingual,NEGATIVE
1345462707861004300,Monolingual,NEGATIVE
1383457992297775e3,Monolingual,NEGATIVE
1310218308931801e3,Monolingual,NEGATIVE
1131503902942212100,Monolingual,NEGATIVE
779316244080099300,Monolingual,NEGATIVE
1338455312102269e3,Monolingual,NEGATIVE
1022593395221569400,Monolingual,NEGATIVE
1.40E+18,Monolingual,NEGATIVE
1301622534748729300,Monolingual,NEGATIVE
1310635157884416e3,Monolingual,NEGATIVE
1241691555557257200,Monolingual,NEGATIVE
1129749200848203800,Monolingual,NEGATIVE
1389465359967719400,Monolingual,NEGATIVE
1165378058343321600,Monolingual,NEGATIVE
1287829020424515600,Monolingual,NEGATIVE
1241639699208380400,Monolingual,NEGATIVE
1350451532341371e3,Monolingual,NEGATIVE
1256174371263185e3,Monolingual,NEGATIVE
1129713718638633e3,Monolingual,NEGATIVE
1129341611186503700,Monolingual,NEGATIVE
1152850927545651200,Monolingual,NEGATIVE
1167177810030551e3,Monolingual,NEGATIVE
1091239882805207e3,Monolingual,NEGATIVE
782816004426588200,Monolingual,NEGATIVE
1256723949775474700,Monolingual,NEGATIVE
1325845832151822300,Monolingual,NEGATIVE
1371747911193727e3,Monolingual,NEGATIVE
1274778916155281400,Monolingual,NEGATIVE
1088858516696256500,Monolingual,NEGATIVE
1155488437119721500,Monolingual,NEGATIVE
1377622201126510600,Monolingual,NEGATIVE
1384951006857998300,Monolingual,NEGATIVE
1171031527200895e3,Monolingual,NEGATIVE
1245266778135068700,Monolingual,NEGATIVE
947384275036524500,Monolingual,NEGATIVE
1249950899335725e3,Monolingual,NEGATIVE
117826258112077e4,Monolingual,NEGATIVE
1.26E+18,Monolingual,NEGATIVE
1255728453200076800,Monolingual,NEGATIVE
1136333992427475e3,Monolingual,NEGATIVE
1274678754951016400,Monolingual,NEGATIVE
1044145295267909600,Monolingual,NEGATIVE
802841763983409200,Monolingual,NEGATIVE
1256571254821326800,Monolingual,NEGATIVE
1296223158823944200,Monolingual,NEGATIVE
712012206519484400,Monolingual,NEGATIVE
1287443347913748500,Monolingual,NEGATIVE
118932765060463e4,Monolingual,NEGATIVE
1045396791150235500,Monolingual,NEGATIVE
1201828279432421400,Monolingual,NEGATIVE
1218852508124270600,Monolingual,NEGATIVE
1394694855201333200,Monolingual,NEGATIVE
1249644891094876200,Monolingual,NEGATIVE
1279409745447846e3,Monolingual,NEGATIVE
1246437916685086700,Monolingual,NEGATIVE
789394116111048700,Monolingual,NEGATIVE
956610878144745500,Monolingual,NEGATIVE
1123850386731950100,Monolingual,NEGATIVE
1288398764554834e3,Monolingual,NEGATIVE
1294621210274336800,Monolingual,NEGATIVE
1180809784062283800,Monolingual,NEGATIVE
1392804695417163800,Monolingual,NEGATIVE
1262881238764998700,Monolingual,NEGATIVE
1305904274715668500,Monolingual,NEGATIVE
1241606974862766e3,Monolingual,NEGATIVE
986573763910209500,Monolingual,NEGATIVE
1181984925551140900,Monolingual,NEGATIVE
1279520839143219200,Monolingual,NEGATIVE
1255565084258156500,Monolingual,NEGATIVE
128785796650761e4,Monolingual,NEGATIVE
1133284509045141500,Monolingual,NEGATIVE
1.34E+18,Monolingual,NEGATIVE
1355831348875964400,Monolingual,NEGATIVE
1290919738357559300,Monolingual,NEGATIVE
1211301846561767400,Monolingual,NEGATIVE
1290354918847635500,Monolingual,NEGATIVE
801748298499575800,Monolingual,NEGATIVE
1113541103423303700,Monolingual,NEGATIVE
1285996485717430300,Monolingual,NEGATIVE
1.24E+18,Monolingual,NEGATIVE
1227696385098702800,Monolingual,NEGATIVE
1189579419729440800,Monolingual,NEGATIVE
1059829070169624600,Monolingual,NEGATIVE
1140576845567541100,Monolingual,NEGATIVE
1297566971551273e3,Monolingual,NEGATIVE
1376798978528977e3,Monolingual,NEGATIVE
1380858960819982300,Monolingual,NEGATIVE
1392262142968074200,Monolingual,NEGATIVE
1178065911070244900,Monolingual,NEGATIVE
1276158069299437600,Monolingual,NEGATIVE
1230902989604491300,Monolingual,NEGATIVE
1234057076957220900,Monolingual,NEGATIVE
1084929813712957400,Monolingual,NEGATIVE
1259968537231339500,Monolingual,NEGATIVE
1237399406296682500,Monolingual,NEGATIVE
125142295023181e4,Monolingual,NEGATIVE
1339111667980963800,Monolingual,NEGATIVE
1141269262222397400,Monolingual,NEGATIVE
1100841129237532700,Monolingual,NEGATIVE
1157971285235949600,Monolingual,NEGATIVE
1040761417052373e3,Monolingual,NEGATIVE
1245027440591868e3,Monolingual,NEGATIVE
903670388726562800,Monolingual,NEGATIVE
1352643729736274e3,Monolingual,NEGATIVE
1401527202236321800,Monolingual,NEGATIVE
1126071595783675900,Monolingual,NEGATIVE
1040544312088559600,Monolingual,NEGATIVE
1272993293777932300,Monolingual,NEGATIVE
1255216799546773500,Monolingual,NEGATIVE
982033572537225200,Monolingual,NEGATIVE
953871864769728500,Monolingual,NEGATIVE
1378351806502297600,Monolingual,NEGATIVE
1159225803315564500,Monolingual,NEGATIVE
1183113214604824600,Monolingual,NEGATIVE
1101043206412820500,Monolingual,NEGATIVE
1177183871475081200,Monolingual,NEGATIVE
1281179868357628e3,Monolingual,NEGATIVE
1250077567928930300,Monolingual,NEGATIVE
1215301901992059e3,Monolingual,NEGATIVE
1166018321357164500,Monolingual,NEGATIVE
1176179901730308e3,Monolingual,NEGATIVE
1108449976152145900,Monolingual,NEGATIVE
1255191248916418600,Monolingual,NEGATIVE
1132278493071499400,Monolingual,NEGATIVE
743475463507542e3,Monolingual,NEGATIVE
1342190785681358800,Monolingual,NEGATIVE
1174937550948978700,Monolingual,NEGATIVE
1419604890607829e3,Monolingual,NEGATIVE
1398309393456894e3,Monolingual,NEGATIVE
1351245323105140700,Monolingual,NEGATIVE
1241092242393178e3,Monolingual,NEGATIVE
1365724988066693e3,Monolingual,NEGATIVE
1025686847450697700,Monolingual,NEGATIVE
1286249046521401300,Monolingual,NEGATIVE
968943467924738e3,Monolingual,NEGATIVE
1407704233239933e3,Monolingual,NEGATIVE
1253249302836785200,Monolingual,NEGATIVE
1217204835667390500,Monolingual,NEGATIVE
1227810250960654300,Monolingual,NEGATIVE
1222560255684620300,Monolingual,NEGATIVE
1345659962144551e3,Monolingual,NEGATIVE
1342447518177779700,Monolingual,NEGATIVE
1229148376903684e3,Monolingual,NEGATIVE
1167552258294329300,Monolingual,NEGATIVE
1232590541688377300,Monolingual,NEGATIVE
1182971991290253300,Monolingual,NEGATIVE
1238956447771308e3,Monolingual,NEGATIVE
741530683194101800,Monolingual,NEGATIVE
1109345704441532400,Monolingual,NEGATIVE
1237776578618286e3,Monolingual,NEGATIVE
1201255761957081e3,Monolingual,NEGATIVE
1.34E+18,Monolingual,NEGATIVE
1407949777392832500,Monolingual,NEGATIVE
1386619317991641e3,Monolingual,NEGATIVE
1.23E+18,Monolingual,NEGATIVE
1363411754198458400,Monolingual,NEGATIVE
881434757216776200,Monolingual,NEGATIVE
1192903286380216300,Monolingual,NEGATIVE
1126056152079507500,Monolingual,NEGATIVE
1354865438761644e3,Monolingual,NEGATIVE
1292546455329222700,Monolingual,NEGATIVE
1224043490310525e3,Monolingual,NEGATIVE
1271799565897937e3,Monolingual,NEGATIVE
1300845365013479400,Monolingual,NEGATIVE
1021708995713744900,Monolingual,NEGATIVE
686086964186116100,Monolingual,NEGATIVE
1223703668077289500,Monolingual,NEGATIVE
1385323245214355500,Monolingual,NEGATIVE
1311743917465927700,Monolingual,NEGATIVE
1087013308975206400,Monolingual,NEGATIVE
1385251053164236800,Monolingual,NEGATIVE
1227260199410507800,Monolingual,NEGATIVE
1254829720396578800,Monolingual,NEGATIVE
1346364310524715e3,Monolingual,NEGATIVE
1.14E+18,Monolingual,NEGATIVE
1271514708756045800,Monolingual,NEGATIVE
1274847098484260900,Monolingual,NEGATIVE
1272968019631911e3,Monolingual,NEGATIVE
1393586531500281900,Monolingual,NEGATIVE
1192861082794283e3,Monolingual,NEGATIVE
1194281221955735600,Monolingual,NEGATIVE
1096715229470359700,Monolingual,NEGATIVE
1267138131154948e3,Monolingual,NEGATIVE
1281692068641996800,Monolingual,NEGATIVE
1042466531148550100,Monolingual,NEGATIVE
1249316164213358600,Monolingual,NEGATIVE
1084220358364934100,Monolingual,NEGATIVE
1251584500448010200,Monolingual,NEGATIVE
1251091069770612700,Monolingual,NEGATIVE
1171753633920245800,Monolingual,NEGATIVE
1376606790415229e3,Monolingual,NEGATIVE
1347599242068697e3,Monolingual,NEGATIVE
1293486888595193900,Monolingual,NEGATIVE
1100114974620508200,Monolingual,NEGATIVE
1180033725289128e3,Monolingual,NEGATIVE
1305526501681647600,Monolingual,NEGATIVE
1051397137496514600,Monolingual,NEGATIVE
825026327300407300,Monolingual,NEGATIVE
1338862492534014e3,Monolingual,NEGATIVE
1340530546435371e3,Monolingual,NEGATIVE
1210526081159180300,Monolingual,NEGATIVE
1135575963851472900,Monolingual,NEGATIVE
1132959307992113300,Monolingual,NEGATIVE
1255032664681328600,Monolingual,NEGATIVE
949487394293801e3,Monolingual,NEGATIVE
817287649476169700,Monolingual,NEGATIVE
1259568559388319700,Monolingual,NEGATIVE
1334128644080472e3,Monolingual,NEGATIVE
1247654692869542e3,Monolingual,NEGATIVE
1246814020121907200,Monolingual,NEGATIVE
1347602293424857e3,Monolingual,NEGATIVE
138026949484578e4,Monolingual,NEGATIVE
1251243494674501600,Monolingual,NEGATIVE
1019110888211730400,Monolingual,NEGATIVE
1364972128945270800,Monolingual,NEGATIVE
1367482857053167600,Monolingual,NEGATIVE
1273276643189162e3,Monolingual,NEGATIVE
1379195652429783e3,Monolingual,NEGATIVE
1064932372829954e3,Monolingual,NEGATIVE
134469313388868e4,Monolingual,NEGATIVE
1310635547178815500,Monolingual,NEGATIVE
1139065370478817300,Monolingual,NEGATIVE
747520420396568600,Monolingual,NEGATIVE
1260168776026333200,Monolingual,NEGATIVE
1238013700872773600,Monolingual,NEGATIVE
1258122004856746e3,Monolingual,NEGATIVE
127517668070178e4,Monolingual,NEGATIVE
1184855499101134800,Monolingual,NEGATIVE
1231365342271852500,Monolingual,NEGATIVE
1368308101221396500,Monolingual,NEGATIVE
1249828545154646e3,Monolingual,NEGATIVE
1066411681943834600,Monolingual,NEGATIVE
1251396645926981600,Monolingual,NEGATIVE
1254064240098451500,Monolingual,NEGATIVE
1307060256237858800,Monolingual,NEGATIVE
1.16E+18,Monolingual,NEGATIVE
845754797944909800,Monolingual,NEGATIVE
1310635222409642e3,Monolingual,NEGATIVE
1202199705725341700,Monolingual,NEGATIVE
1245995072455430100,Monolingual,NEGATIVE
1217833564252921900,Monolingual,NEGATIVE
1174351658815541200,Monolingual,NEGATIVE
1197035237416591400,Monolingual,NEGATIVE
1292164512951435300,Monolingual,NEGATIVE
1234868679994556400,Monolingual,NEGATIVE
1184052330007847e3,Monolingual,NEGATIVE
1394539988939907e3,Monolingual,NEGATIVE
1238557355891138600,Monolingual,NEGATIVE
1186256480976195600,Monolingual,NEGATIVE
1207743602031517700,Monolingual,NEGATIVE
956442936060899300,Monolingual,NEGATIVE
1309062472297517e3,Monolingual,NEGATIVE
1278708361618473e3,Monolingual,NEGATIVE
1351473722138505200,Monolingual,NEGATIVE
1247498645055905800,Monolingual,NEGATIVE
1046123823798595600,Monolingual,NEGATIVE
1259921787195994e3,Monolingual,NEGATIVE
1378776219534168e3,Monolingual,NEGATIVE
1127144988435939300,Monolingual,NEGATIVE
1187244095636418600,Monolingual,NEGATIVE
1168853495367311400,Monolingual,NEGATIVE
1342174332559257600,Monolingual,NEGATIVE
1339169235495481300,Monolingual,NEGATIVE
1285624345218424800,Monolingual,NEGATIVE
1147768413357584400,Monolingual,NEGATIVE
1270844255830003700,Monolingual,NEGATIVE
1270495981063282700,Monolingual,NEGATIVE
1241191903019831300,Monolingual,NEGATIVE
1065523212191182700,Monolingual,NEGATIVE
1318230527560814600,Monolingual,NEGATIVE
1370714653538521e3,Monolingual,NEGATIVE
1382015170105475e3,Monolingual,NEGATIVE
1300384601773355e3,Monolingual,NEGATIVE
1138191435478573e3,Monolingual,NEGATIVE
1186403406040227800,Monolingual,NEGATIVE
1317717481004421e3,Monolingual,NEGATIVE
1317191682807468e3,Monolingual,NEGATIVE
1303793668663447600,Monolingual,NEGATIVE
1212858936543654e3,Monolingual,NEGATIVE
1250741545927684e3,Monolingual,NEGATIVE
1.18E+18,Monolingual,NEGATIVE
1168161325400363e3,Monolingual,NEGATIVE
1339515981593505800,Monolingual,NEGATIVE
722656309636677600,Monolingual,NEGATIVE
1174648251020169200,Monolingual,NEGATIVE
1250183708113502200,Monolingual,NEGATIVE
1262377801702875100,Monolingual,NEGATIVE
1219980607649996800,Monolingual,NEGATIVE
1148982635571687400,Monolingual,NEGATIVE
1232243019933417500,Monolingual,NEGATIVE
1225377007896318e3,Monolingual,NEGATIVE
1131232913364869100,Monolingual,NEGATIVE
1253579119503249400,Monolingual,NEGATIVE
1162468104846434300,Monolingual,NEGATIVE
1094226666589749100,Monolingual,NEGATIVE
1097183979625726e3,Monolingual,NEGATIVE
1129778133182406700,Monolingual,NEGATIVE
833425778511605800,Monolingual,NEGATIVE
1046516116875563e3,Monolingual,NEGATIVE
1253051832945053700,Monolingual,NEGATIVE
1414959602362462200,Monolingual,NEGATIVE
1251275162567291e3,Monolingual,NEGATIVE
1319424237506089e3,Monolingual,NEGATIVE
1285906727351791600,Monolingual,NEGATIVE
1295116217783656400,Monolingual,NEGATIVE
1.24E+18,Monolingual,NEGATIVE
1235661121480200200,Monolingual,NEGATIVE
1185504312442663e3,Monolingual,NEGATIVE
937738436907237400,Monolingual,NEGATIVE
1044299747866087400,Monolingual,NEGATIVE
9.96E+17,Monolingual,NEGATIVE
865117291209535500,Monolingual,NEGATIVE
1195937476902305800,Monolingual,NEGATIVE
1166809809489932300,Monolingual,NEGATIVE
1331250065948684300,Monolingual,NEGATIVE
1304954254940090400,Monolingual,NEGATIVE
1351566274103566300,Monolingual,NEGATIVE
1202128813162938400,Monolingual,NEGATIVE
1341055947637203e3,Monolingual,NEGATIVE
1141375292574974e3,Monolingual,NEGATIVE
1267051998559469600,Monolingual,NEGATIVE
1315703850842677200,Monolingual,NEGATIVE
1259898845149958100,Monolingual,NEGATIVE
1170697314077462500,Monolingual,NEGATIVE
1078368155607679e3,Monolingual,NEGATIVE
1225387868178337800,Monolingual,NEGATIVE
1100390845562400800,Monolingual,NEGATIVE
1268572533743407e3,Monolingual,NEGATIVE
1195759450524733400,Monolingual,NEGATIVE
1313598917376987100,Monolingual,NEGATIVE
1249302439116845e3,Monolingual,NEGATIVE
1282412960900624400,Monolingual,NEGATIVE
1272858874702422e3,Monolingual,NEGATIVE
1305604345300488200,Monolingual,NEGATIVE
1301890213111791600,Monolingual,NEGATIVE
1309816868446838800,Monolingual,NEGATIVE
1217436199767433200,Monolingual,NEGATIVE
847219072618156e3,Monolingual,NEGATIVE
1215946137196224500,Monolingual,NEGATIVE
1209183814876053500,Monolingual,NEGATIVE
717409273437925400,Monolingual,NEGATIVE
1414248519913910300,Monolingual,NEGATIVE
721073006479585300,Monolingual,NEGATIVE
1242886861535809500,Monolingual,NEGATIVE
1323747722999042e3,Monolingual,NEGATIVE
1307398966183694300,Monolingual,NEGATIVE
1397921973850677200,Monolingual,NEGATIVE
1244922158456938500,Monolingual,NEGATIVE
1167111184102887400,Monolingual,NEGATIVE
1031217265402892300,Monolingual,NEGATIVE
1049223009519591400,Monolingual,NEGATIVE
1271777110798094300,Monolingual,NEGATIVE
1131328390261350400,Monolingual,NEGATIVE
1304497628588191700,Monolingual,NEGATIVE
1157191889625505800,Monolingual,NEGATIVE
1330168096351457300,Monolingual,NEGATIVE
1157216227846176800,Monolingual,NEGATIVE
1296383221450584e3,Monolingual,NEGATIVE
1386279410303647700,Monolingual,NEGATIVE
1250321667953266700,Monolingual,NEGATIVE
1266244452537921500,Monolingual,NEGATIVE
1353714580279746600,Monolingual,NEGATIVE
1248002230382243800,Monolingual,NEGATIVE
1310551993442865200,Monolingual,NEGATIVE
1342190785681358800,Monolingual,NEGATIVE
1331521416097915e3,Monolingual,NEGATIVE
1360327702083952600,Monolingual,NEGATIVE
1127314386769649800,Monolingual,NEGATIVE
1356665190327148500,Monolingual,NEGATIVE
1257933943787135e3,Monolingual,NEGATIVE
1145020283570532500,Monolingual,NEGATIVE
1171930313238483e3,Monolingual,NEGATIVE
961305610863153200,Monolingual,NEGATIVE
1138051626277789700,Monolingual,NEGATIVE
1084097063120445400,Monolingual,NEGATIVE
1143172636953972600,Monolingual,NEGATIVE
1098935973654810600,Monolingual,NEGATIVE
1122067792969203700,Monolingual,NEGATIVE
1102677489321680900,Monolingual,NEGATIVE
1128707815516844e3,Monolingual,NEGATIVE
828022821444018200,Monolingual,NEGATIVE
1110526177591083e3,Monolingual,NEGATIVE
1070599046174335e3,Monolingual,NEGATIVE
944628686631985200,Monolingual,NEGATIVE
1109851150877184e3,Monolingual,NEGATIVE
767128775649787900,Monolingual,NEGATIVE
1129487559594319900,Monolingual,NEGATIVE
979449694433759200,Monolingual,NEGATIVE
1351971064562274300,Monolingual,NEGATIVE
1258183909243793400,Monolingual,NEGATIVE
1391058675435966500,Monolingual,NEGATIVE
1339487601745653800,Monolingual,NEGATIVE
1192481185949196300,Monolingual,NEGATIVE
1234053661896122400,Monolingual,NEGATIVE
1242116772179988500,Monolingual,NEGATIVE
1266030093807300600,Monolingual,NEGATIVE
1314632540720967700,Monolingual,NEGATIVE
1399064247917760500,Monolingual,NEGATIVE
1392996696427204600,Monolingual,NEGATIVE
1274280276470968300,Monolingual,NEGATIVE
1284881611897688e3,Monolingual,NEGATIVE
1183130141075091500,Monolingual,NEGATIVE
1275498183221805e3,Monolingual,NEGATIVE
1219329258482491400,Monolingual,NEGATIVE
1201068910801571800,Monolingual,NEGATIVE
1354051530136178700,Monolingual,NEGATIVE
1388944068655333400,Monolingual,NEGATIVE
963676954808520700,Monolingual,NEGATIVE
1260200969490575400,Monolingual,NEGATIVE
1246032313747755e3,Monolingual,NEGATIVE
1119156833615138800,Monolingual,NEGATIVE
787970568121421800,Monolingual,NEGATIVE
1135952195898236900,Monolingual,NEGATIVE
1100072049031237600,Monolingual,NEGATIVE
1047250723686244500,Monolingual,NEGATIVE
1067311593405460500,Monolingual,NEGATIVE
1120292904134684700,Monolingual,NEGATIVE
880341550634598400,Monolingual,NEGATIVE
1200003940286435300,Monolingual,NEGATIVE
1234925460523491300,Monolingual,NEGATIVE
1110910593358327800,Monolingual,NEGATIVE
942425268018470900,Monolingual,NEGATIVE
959397126433275900,Monolingual,NEGATIVE
1101431524040368100,Monolingual,NEGATIVE
1092046948557877100,Monolingual,NEGATIVE
1184575659521261600,Monolingual,NEGATIVE
1138756877783900200,Monolingual,NEGATIVE
1296749708682104800,Monolingual,NEGATIVE
1262096105816436700,Monolingual,NEGATIVE
1214487877326901200,Monolingual,NEGATIVE
1051410745311854600,Monolingual,NEGATIVE
1126383635433697300,Monolingual,NEGATIVE
1272614073008521200,Monolingual,NEGATIVE
1307820910909497300,Monolingual,NEGATIVE
1245684365264334800,Monolingual,NEGATIVE
1216479885775949800,Monolingual,NEGATIVE
1271059214371356700,Monolingual,NEGATIVE
1186911548511535e3,Monolingual,NEGATIVE
1345627751152312300,Monolingual,NEGATIVE
1198240106773176300,Monolingual,NEGATIVE
1250745740663689200,Monolingual,NEGATIVE
1184902828046868500,Monolingual,NEGATIVE
1268794558122426400,Monolingual,NEGATIVE
1234017130628206600,Monolingual,NEGATIVE
1341756927634796500,Monolingual,NEGATIVE
1165930509907701800,Monolingual,NEGATIVE
1374588049993179100,Monolingual,NEGATIVE
1297992925310312400,Monolingual,NEGATIVE
1296454969286066200,Monolingual,NEGATIVE
1413961301320212500,Monolingual,NEGATIVE
1215760849081598e3,Monolingual,NEGATIVE
1258709458395566e3,Monolingual,NEGATIVE
1246156947835027500,Monolingual,NEGATIVE
1049278990886862700,Monolingual,NEGATIVE
1084550963820666900,Monolingual,NEGATIVE
1195640743265800200,Monolingual,NEGATIVE
1408336697293742e3,Monolingual,NEGATIVE
1127420757569617900,Monolingual,NEGATIVE
1099744139032346600,Monolingual,NEGATIVE
1091647907428749300,Monolingual,NEGATIVE
1091061481213431800,Monolingual,NEGATIVE
1134178656467791900,Monolingual,NEGATIVE
992693121224978400,Monolingual,NEGATIVE
1287684829576859600,Monolingual,NEGATIVE
1228382357847249e3,Monolingual,NEGATIVE
1277914967048585200,Monolingual,NEGATIVE
124076133192346e4,Monolingual,NEGATIVE
1417047895497482200,Monolingual,NEGATIVE
1222597808039059500,Monolingual,NEGATIVE
1289677229711007700,Monolingual,NEGATIVE
1374371493681922e3,Monolingual,NEGATIVE
130809045003375e4,Monolingual,NEGATIVE
1282967309955420200,Monolingual,NEGATIVE
1006982643546837e3,Monolingual,NEGATIVE
1126078463717384200,Monolingual,NEGATIVE
1076812398760247300,Monolingual,NEGATIVE
1143822160307392500,Monolingual,NEGATIVE
1155410922187481e3,Monolingual,NEGATIVE
942368789810868200,Monolingual,NEGATIVE
1078216609146245100,Monolingual,NEGATIVE
1108473276769206300,Monolingual,NEGATIVE
1015209114761416700,Monolingual,NEGATIVE
880201949030699e3,Monolingual,NEGATIVE
1276982613056553e3,Monolingual,NEGATIVE
1223242072397881300,Monolingual,NEGATIVE
1229148376903684e3,Monolingual,NEGATIVE
1254786709608267800,Monolingual,NEGATIVE
1218873351369703400,Monolingual,NEGATIVE
1132229194107248600,Monolingual,NEGATIVE
729755665699319800,Monolingual,NEGATIVE
1061768854593065e3,Monolingual,NEGATIVE
1089631914665918600,Monolingual,NEGATIVE
1236288858431651800,Monolingual,NEGATIVE
1357579201667301400,Monolingual,NEGATIVE
1201468866800603100,Monolingual,NEGATIVE
1354539434801295400,Monolingual,NEGATIVE
1272937736593379300,Monolingual,NEGATIVE
1363870242108305400,Monolingual,NEGATIVE
1191030534413176800,Monolingual,NEGATIVE
1265004249030721500,Monolingual,NEGATIVE
1383873990268129300,Monolingual,NEGATIVE
1392982056997695500,Monolingual,NEGATIVE
1271112249114087400,Monolingual,NEGATIVE
1174681536307896300,Monolingual,NEGATIVE
1337516861932626e3,Monolingual,NEGATIVE
1274795185952743400,Monolingual,NEGATIVE
1224343852397617200,Monolingual,NEGATIVE
1249654317612662800,Monolingual,NEGATIVE
1251486722745139200,Monolingual,NEGATIVE
