word,translatedText
abilities,iyawa
ability,iyawa
aboard,a ciki
absolve,warware
absolved,shafe
absolves,warwarewa
absolving,shafewa
absorbed,nutsad da hankali
accept,karba
accepted,karɓa
accepting,karba
accepts,karba
accomplish,cika
accomplished,cika
accomplishes,kammala
achievable,mai yiwuwa
acquit,barrantar da
acquits,basarwa
acquitted,barranta
acquitting,barranta
active,aiki
adequate,isasshe
admire,yaba
admired,yaba
admires,sha'awa
admiring,sha'awar
adopt,yi amfani da
adopts,rungume da
adorable,kyakkyawa
adore,kauna
adored,kauna
adores,kauna
advanced,ci gaba
advantage,amfani
advantages,ab advantagesbuwan amfãni
adventure,kasada
adventures,kasada
adventurous,yawon buxe ido
affection,soyayya
affectionate,m
agog,agog
agree,yarda
agreeable,m
agreed,yarda
agreement,yarjejeniya
agrees,ya yarda
alive,mai rai
allow,ba da izini
amaze,yi mamaki
amazed,mamaki
amazes,mamaki
amazing,ban mamaki
ambitious,m
amuse,shagala
amused,nishaɗi
amusement,shagala
amusements,shagala
anticipation,jira
appease,kwantar da hankali
appeased,kwantar da hankali
appeases,kwantar da hankali
appeasing,gamsarwa
applaud,tafi
applauded,tafi
applauding,tafi
applauds,tafi
applause,tafi
appreciate,godiya
appreciated,yaba
appreciates,yaba
appreciating,godiya
appreciation,godiya
approval,yarda
approved,yarda
approves,ya yarda
ardent,m
asset,kadara
assets,kadarori
astonished,mamakin
astound,yi mamaki
astounded,yi mamakin
astounding,ban mamaki
astoundingly,mamaki
astounds,al'ajabi
attract,jawo hankalin
attracted,jawo
attracting,jawo
attraction,janye
attractions,jan hankali
attracts,jan hankali
audacious,m
authority,hukuma
avid,m
award,kyauta
awarded,bayarwa
awards,kyaututtuka
awesome,madalla
backed,goyon baya
backing,mara baya
backs,baya
bargain,ciniki
beatific,doke
beauties,kawata
beautiful,kyau
beautifully,da kyau
beautify,kawata
beloved,ƙaunatattu
benefit,fa'ida
benefits,fa'idodi
benefitted,wanda aka amfana
benefitting,amfani
best,mafi kyau
better,mafi kyau
big,babba
bless,yi albarka
blesses,yana sa albarka
blessing,albarka
bliss,ni'ima
blissful,ni'ima
blithe,blithe
blockbuster,blockbuster
bold,m
boldly,gabagadi
boost,bunkasa
boosted,ƙarfafa
boosting,bunkasa
boosts,karin
brave,jarumi
breakthrough,nasara
breathtaking,mai daukar hankali
bright,mai haske
brightest,mafi haske
brightness,haske
brilliant,m
brisk,brisk
buoyant,mai kwalliya
calm,kwantar da hankula
calmed,kwantar da hankali
calming,kwantar da hankali
calms,kwantar da hankali
capable,iya
captivated,kamewa
care,kulawa
carefree,sakaci
careful,yi hankali
carefully,a hankali
cares,kulawa
celebrate,yi biki
celebrated,bikin
celebrates,murna
celebrating,bikin
certain,tabbata
chance,dama
chances,damar
charm,fara'a
charming,fara'a
cheer,gaisuwa
cheered,yi farin ciki
cheerful,gaisuwa
cheering,murna
cheers,murna
cheery,murna
cherish,kauna
cherished,ƙaunar
cherishes,kula
cherishing,ƙaunar
chic,yara
clarifies,bayyana
clarity,tsabta
classy,mai aji
clean,tsabta
cleaner,tsabtace
clear,bayyanannu
cleared,share
clearly,a fili
clears,ya share
clever,wayo
comedy,mai ban dariya
comfort,ta'aziyya
comfortable,dadi
comforting,ta'aziyya
comforts,ta'aziya
commend,yaba
commended,yaba
commit,aikata
commitment,sadaukarwa
commits,aikata
committed,aikata
committing,aikata
compassionate,mai tausayi
compelled,tilasta
competent,gwani
competitive,m
comprehensive,m
conciliate,sulhu
conciliated,sulhu
conciliates,sulhuntawa
conciliating,sulhu
confidence,amincewa
confident,m
congrats,taya murna
congratulate,taya murna
congratulation,taya murna
congratulations,barka da warhaka
consent,yarda
consents,yarda
consolable,jaje
convince,shawo
convinced,gamsu
convinces,shawo
convivial,tabbatacce
cool,sanyaya
cool stuff,kayan sanyi
courage,ƙarfin hali
courageous,m
courteous,ladabi
courtesy,ladabi
coziness,coziness
creative,m
curious,son sani
cute,kyakkyawa
daredevil,karwanci
daring,tsoro
dauntless,mara tsoro
dear,masoyi
dearly,ƙaunatacce
debonair,debonair
decisive,hukunci
dedicated,sadaukarwa
defender,mai karewa
defenders,masu karewa
delight,ni'ima
delighted,murna
delighting,murna
delights,ni'ima
desirable,kyawawa
desire,so
desired,ake so
desirous,mai son
determined,ƙaddara
devoted,duƙufa
diamond,lu'u-lu'u
dream,mafarki
dreams,mafarkai
eager,mai ɗoki
earnest,da gaske
ease,sauƙi
easy,sauki
ecstatic,farin ciki
effective,tasiri
effectively,yadda yakamata
elated,murna
elation,farin ciki
elegant,mai ladabi
elegantly,ladabi
embrace,runguma
empathetic,mai tausayi
enchanted,sihiri
encourage,karfafa
encouraged,karfafa
encouragement,ƙarfafawa
encourages,karfafa
endorse,yarda
endorsed,yarda
endorsement,yarda
endorses,yarda
energetic,mai kuzari
engage,shiga
engages,tsunduma
engrossed,shagala
enjoy,ji dadin
enjoying,jin dadin
enjoys,ji daɗi
enlighten,fadakarwa
enlightened,haskaka
enlightening,fadakarwa
enlightens,fadakarwa
enrapture,zane
ensure,tabbatar
ensuring,tabbatarwa
enterprising,shagala
entertaining,nishadi
enthral,mai ban sha'awa
enthusiastic,mai himma
entitled,mai suna
entrusted,danƙa
esteemed,daraja
ethical,da'a
euphoria,murna
euphoric,euphoric
exasperated,exasperated
excellence,kyau
excellent,kwarai da gaske
excite,ta da hankali
excited,m
excitement,tashin hankali
exciting,m
exclusive,keɓance
exhilarated,exhilarated
exhilarates,exhilarates
exhilarating,mai kayatarwa
exonerate,kurantawa
exonerated,zargewa
exonerates,exonerates
exonerating,onearfafawa
expand,fadada
expands,fadada
exploration,bincike
explorations,bincike
extend,miƙa
extends,kara
exuberant,mai farin ciki
exultant,yi murna
exultantly,farin ciki
fabulous,shahararre
fair,gaskiya
faith,bangaskiya
faithful,aminci
fame,daraja
fan,fan
fantastic,dama
fascinate,sha'awa
fascinated,burgewa
fascinates,yana burgewa
fascinating,m
favor,ni'ima
favored,falala a kansu
favorite,fi so
favorited,fi so
favorites,fi so
favors,ni'ima
fearless,mara tsoro
feeling,ji
fervent,mai ƙarfi
fervid,m
festive,biki
fine,lafiya
fit,dace
fitness,dacewa
flagship,taken
focused,mai da hankali
fond,m
fondness,so
forgive,gafarta
forgiving,gafartawa
fortunate,sa'a
free,kyauta
freedom,'yanci
fresh,sabo ne
friendly,abokantaka
frisky,frisky
ftw,ftw
fulfill,cika
fulfilled,cika
fulfills,cika
fun,fun
funky,funky
funnier,dariya
funny,mai ban dariya
futile,aikin banza
gain,samu
gained,tsiwirwirinsu
gaining,samun
gains,samu
gallant,gallant
gallantly,cikin annashuwa
gallantry,gallantry
generous,karimci
genial,genial
gift,kyauta
glad,murna
glamorous,kyakyawa
glamourous,kyakyawa
glee,murna
gleeful,m
glorious,daukaka
glory,daukaka
god,allah
godsend,baiwar allah
good,mai kyau
goodness,alheri
grace,alheri
gracious,mai alheri
grand,babba
grant,ba da kyauta
granted,ba
granting,bayarwa
grants,tallafi
grateful,godiya
gratification,gamsuwa
great,babba
greater,mafi girma
greatest,mafi girma
greet,gaishe
greeted,gaishe
greeting,gaisuwa
greetings,gaisuwa
greets,gaishe
growing,girma
growth,girma
guarantee,garanti
ha,ha
haha,haha
hahaha,hahaha
hahahah,hahahah
hail,ƙanƙara
hailed,yaba
happiness,farin ciki
happy,farin ciki
hardier,mawuyacin hali
hardy,Hardy
haunting,farauta
healthy,lafiya
heartfelt,azuciya
heaven,sama
heavenly,na sama
help,taimaka
helpful,taimako
helping,taimaka
helps,taimaka
hero,gwarzo
heroes,jarumai
heroic,jarumi
highlight,nuna alama
hilarious,mai ban dariya
honest,mai gaskiya
honor,girmamawa
honored,girmama
honoring,girmamawa
honour,girmamawa
honoured,girmama
honouring,girmamawa
hope,bege
hopeful,m
hopefully,da fatan
hopes,fatan
hoping,fatan
hug,runguma
huge,babba
hugs,runguma
humerous,mai raɗaɗi
humor,abun dariya
humorous,m
humour,abun dariya
humourous,m
hurrah,yi sauri
immortal,mara mutuwa
immune,rigakafi
importance,muhimmanci
important,muhimmanci
impress,burge
impressed,burge
impresses,burge
impressive,ban sha'awa
improve,inganta
improved,inganta
improvement,kyautatawa
improves,inganta
improving,inganta
increase,karuwa
increased,ya karu
indestructible,mara lalacewa
infatuated,soyayya
infatuation,soyayya
influential,tasiri
innovate,kirkire-kirkire
innovates,bidi'a
innovation,bidi'a
innovative,bidi'a
inquisitive,mai bincike
inspiration,wahayi
inspirational,wahayi
inspire,wahayi
inspired,wahayi
inspires,wahayi
inspiring,yin ishãra
intact,m
integrity,mutunci
intelligent,mai hankali
intense,mai tsanani
interest,sha'awa
interested,mai sha'awa
interesting,mai ban sha'awa
interests,bukatun
intricate,rikitarwa
intrigues,makirci
invincible,wanda ba a iya cin nasara
invite,gayyata
inviting,kira
invulnerable,mara lalacewa
irresistible,wanda ba a iya hana shi
irresponsible,rashin kulawa
jaunty,jaunty
jesus,yesu
jewel,jauhari
jewels,jauhari
jocular,jocular
join,shiga
joke,wargi
jokes,barkwanci
jolly,wauta
jovial,jovial
joy,farin ciki
joyful,m
joyfully,cikin farin ciki
joyous,farin ciki
jubilant,murna
justice,adalci
justifiably,barata
justified,barata
keen,son
kind,irin
kinder,mafi alheri
kiss,sumbace
kudos,kudos
landmark,alamar ƙasa
laugh,dariya
laughed,dariya
laughing,dariya
laughs,dariya
laughting,dariya
launched,ƙaddamar
lawl,lawl
legal,na shari'a
legally,bisa doka
lenient,mai sassauci
lifesaver,ceton rai
lighthearted,mai sauƙin zuciya
like,kamar
liked,so
likes,kwatankwacinku
lively,m
lmao,Lamao
lmfao,lmfao
lol,lol
lovable,abin kauna
love,soyayya
loved,ƙaunatacce
lovelies,soyayya
lovely,kyakkyawa
loving,mai kauna
loyal,m
loyalty,biyayya
luck,sa'a
luckily,anyi sa'a
lucky,sa'a
marvel,yi mamaki
marvelous,ban mamaki
marvels,abubuwan al'ajabi
masterpiece,fitacciyar
masterpieces,manyan abubuwa
matter,al'amari
matters,al'amura
mature,balagagge
meaningful,ma'ana
medal,lambar yabo
meditative,zuzzurfan tunani
mercy,rahama
merry,murnar
methodical,Hanyar
miracle,mu'ujiza
mirth,murna
mirthful,mai farin ciki
mirthfully,mirthfully
motivate,izawa
motivated,m
motivating,motsawa
motivation,dalili
natural,na halitta
nice,yayi kyau
nifty,nifty
noble,mai martaba
novel,labari
obsessed,damu
oks,oks
ominous,mai ban tsoro
once-in-a-lifetime,sau daya-a-rayuwa
opportunities,dama
opportunity,dama
optimism,fata
optimistic,kaffa-kaffa
outreach,kai bishara
outstanding,fice
overjoyed,murna da yawa
paradise,aljanna
pardon,afuwa
pardoned,afuwa
pardoning,yafiya
pardons,afuwa
passionate,m
peace,zaman lafiya
peaceful,zaman lafiya
peacefully,cikin aminci
perfect,cikakke
perfected,kammala
perfectly,daidai
perfects,cikakke
picturesque,mai ban sha'awa
playful,mai wasa
pleasant,dadi
please,Don Allah
pleased,yarda
pleasure,yardar rai
popular,mashahuri
positive,tabbatacce
positively,gaskiya ma
powerful,mai iko
praise,yabo
praised,yabo
praises,yabo
praising,yabon
pray,yi addu'a
praying,addu'a
prays,yana addu'a
prepared,shirya
pretty,kyakkyawa
privileged,gata
proactive,proactive
progress,ci gaba
prominent,shahararre
promise,alƙawari
promised,wa'adi
promises,alkawura
promote,inganta
promoted,ciyar
promotes,inganta
promoting,inganta
prospect,fata
prospects,masu yiwuwa
prosperous,wadata
protect,kare
protected,kariya
protects,karewa
proud,girman kai
proudly,alfahari
rapture,fyaucewa
raptured,fyaucewa
raptures,fyaucewa
rapturous,fyaucewa
ratified,ƙulla
reach,isa
reached,isa
reaches,ya kai
reaching,kai
reassure,sake tabbatarwa
reassured,sake tabbata
reassures,tabbatarwa
reassuring,Sanarwa
recommend,bada shawara
recommended,shawarar
recommends,bada shawarar
redeemed,fanshe
rejoice,yi murna
rejoiced,yi murna
rejoices,murna
rejoicing,murna
relaxed,annashuwa
reliant,dogara
relieve,taimaka
relieved,sami sauki
relieves,saukakawa
relieving,sauƙaƙewa
relishing,relishing
remarkable,na ƙwarai
rescue,ceto
rescued,ceto
rescues,ceto
resolute,yanke shawara
resolve,warware
resolved,warware
resolves,warware
resolving,warware
respected,girmamawa
responsible,alhakin
responsive,m
restful,m
restore,mayar
restored,mayar
restores,mayar
restoring,tanadi
revered,girmamawa
revive,rayar
revives,yana rayarwa
reward,sakamako
rewarded,lada
rewarding,lada
rewards,lada
rich,mai arziki
right direction,madaidaiciyar alkibla
rigorous,tsaurarawa
rigorously,da tsaurarawa
robust,robust
rofl,rofl
roflcopter,sarfaraz
roflmao,roflmao
romance,soyayya
rotfl,rufin
rotflmfao,rotflmfao
rotflol,rufin
safe,lafiya
safely,a amince
safety,aminci
salient,mai haske
satisfied,gamsu
save,ajiye
saved,sami ceto
scoop,diba
secure,amintattu
secured,kulla
secures,kullawa
self-confident,yarda da kai
serene,mai nutsuwa
sexy,sexy
share,raba
shared,raba
shares,hannun jari
significance,muhimmanci
significant,muhimmanci
sincere,mai gaskiya
sincerely,da gaske
sincerest,rashin kwanciyar hankali
sincerity,ikhlasi
slick,slick
slicker,slicker
slickest,slickest
smart,wayo
smarter,wayo
smartest,mafi wayo
smile,murmushi
smiled,yayi murmushi
smiles,murmushi
smiling,murmushi
sobering,mai da hankali
solid,m
solidarity,hadin kai
solution,bayani
solutions,mafita
solve,warware
solved,warware
solves,warware
solving,warwarewa
soothe,kwantar da hankali
soothed,kwantar da hankali
soothing,kwantar da hankali
sophisticated,na zamani
spark,walƙiya
sparkle,walƙiya
sparkles,walƙiya
sparkling,kyalkyali
spirit,ruhu
spirited,ruhi
splendid,m
sprightly,a fili
stable,barga
stamina,ƙarfin hali
steadfast,masu haƙuri
stimulate,kara kuzari
stimulated,kara kuzari
stimulates,kara kuzari
stimulating,kara kuzari
stout,mai ƙarfi
straight,madaidaiciya
strength,ƙarfi
strengthen,ƙarfafa
strengthened,ƙarfafa
strengthening,karfafawa
strengthens,ƙarfafa
strong,karfi
stronger,karfi
strongest,karfi
stunning,mai ban mamaki
suave,suave
substantial,gwaji
substantially,sosai
success,nasara
successful,nasara
sunshine,hasken rana
super,super
superb,kwarai
superior,m
support,tallafi
supported,tallafi
supporter,mai tallafi
supporters,masu goyon baya
supporting,tallafawa
supportive,tallafi
supports,goyon bayan
survived,tsira
surviving,tsira
survivor,mai tsira
sweet,mai dadi
swift,sauri
swiftly,da sauri
sympathetic,mai tausayi
sympathy,juyayi
tender,m
terrific,m
thank,na gode
thankful,godiya
thanks,godiya
thoughtful,mai tunani
thrilled,farin ciki
tolerant,mai haƙuri
top,saman
tops,fi
tranquil,kwanciyar hankali
treasure,taska
treasures,taskoki
triumph,nasara
triumphant,cin nasara
true,gaskiya
trust,amince
trusted,amintacce
unbiased,rashin nuna son kai
unequaled,kwatankwacinsa
unified,hadaka
united,gama kai
unmatched,wanda bai dace ba
unstoppable,wanda ba a iya hana shi
untarnished,wanda bai lalace ba
useful,amfani
usefulness,amfani
validate,inganta
validated,inganta
validates,inganta
validating,ingantawa
vested,takamaiman
vibrant,Tsayayyar
vigilant,yi hattara
vindicate,amintattu
vindicated,barata
vindicates,nuna
vindicating,nuna
virtuous,na kirki
vision,hangen nesa
visionary,mai hangen nesa
visioning,hangen nesa
visions,wahayi
vitality,mahimmanci
vitamin,bitamin
vivacious,mai motsi
want,so
warm,dumi
warmth,dumi
wealth,dukiya
wealthy,masu arziki
welcome,barka da zuwa
welcomed,barka da zuwa
welcomes,barka da zuwa
whimsical,son rai
willingness,shirye
win,lashe
winner,nasara
winning,cin nasara
wins,lashe
winwin,winwin
wish,fata
wishes,buri
wishing,fata
won,lashe
wonderful,ban mamaki
woo,woo
woohoo,woohoo
wooo,wooo
woow,woow
worshiped,bauta
worth,daraja
worthy,cancanta
wow,wow
wowow,wowow
wowww,wowww
yeah,yeah
yearning,marmarin
yeees,santa
yes,eh
youthful,saurayi
yummy,yummy
zealous,himma
abound,yawaita
abounds,yawaita
abundance,yawa
abundant,mai yawa
accessable,m
accessible,m
acclaim,yabo
acclaimed,yabo
acclamation,sanarwa
accolade,yabo
accolades,yabo
accommodative,kwantar da hankali
accomodative,masauki
accomplishment,yi
accomplishments,nasarorin
accurate,daidai
accurately,daidai
achievement,nasara
achievements,nasarori
achievible,cimma nasara
acumen,acumen
adaptable,wanda aka daidaita
adaptive,Na'urar daidaitawa
adjustable,daidaitacce
admirable,abin yabawa
admirably,abin sha'awa
admiration,sha'awa
admirer,mai son
admiringly,admiringly
adorer,kauna
adoring,yin sujada
adoringly,yin sujada
adroit,adroit
adroitly,adroitly
adulate,ulateauna
adulation,adauna
adulatory,yin adula
advantageous,amfani
advantageously,amfani
adventuresome,kasada
advocate,gabatarwa
advocated,bada shawarwari
advocates,masu ba da shawara
affability,amintacce
affable,mai yiwuwa
affably,amintacce
affectation,shafi
affinity,dangantaka
affirm,tabbatar
affirmation,tabbatarwa
affirmative,m
affluence,wadata
affluent,wadata
afford,iya
affordable,araha
affordably,iya iyawa
afordable,abin iyawa
agile,agile
agilely,agilely
agility,tashin hankali
agreeableness,yarda
agreeably,yarda
all-around,kewaye-kewaye
alluring,alluring
alluringly,alluringly
altruistic,mai girman kai
altruistically,yawanci
amazement,mamaki
amazingly,abin mamaki
ambitiously,burin
ameliorate,ameliorate
amenable,amintacce
amenity,abubuwan amfani
amiability,amiability
amiabily,aminabily
amiable,amin
amicability,amicability
amicable,sasantawa
amicably,cikin nutsuwa
amity,amity
ample,wadatacce
amply,amply
amusing,m
amusingly,ban dariya
angel,mala'ika
angelic,mala'iku
apotheosis,apotheosis
appeal,daukaka kara
appealing,roko
appreciable,abin godiya
appreciative,godiya
appreciatively,godiya
appropriate,dace
approve,yarda
ardently,tsawaitawa
ardor,son kai
articulate,bayyana
aspiration,buri
aspirations,buri
aspire,burin
assurance,tabbaci
assurances,tabbaci
assure,tabbatar
assuredly,tabbas
assuring,tabbatar
astonish,mamaki
astonishing,abin mamaki
astonishingly,mamaki
astonishment,mamaki
astutely,a hankali
attentive,m
attractive,m
attractively,na jan hankali
attune,attune
audible,ji
audibly,ji
auspicious,mai nasara
authentic,na kwarai
authoritative,iko
autonomous,m
available,akwai
aver,aver
avidly,avidly
awe,tsoro
awed,yi mamaki
awesomely,ban mamaki
awesomeness,al'ajabin
awestruck,mamaki
awsome,awsome
backbone,kashin baya
balanced,daidaita
beauteous,kyakkyawa
beautifullly,kawata
beauty,kyau
beckon,beckon
beckoned,duba
beckoning,waswasi
beckons,beckons
believable,abin yarda
believeable,mai imani
benefactor,mai taimako
beneficent,mai amfani
beneficial,amfani
beneficially,mai amfani
beneficiary,mai cin gajiyarta
benevolence,kyautatawa
benevolent,mai kyautatawa
benifits,benifits
best-known,sananne
best-performing,mafi kyawun aiki
best-selling,sayarwa mafi kyau
better-known,mafi sani
better-than-expected,mafi kyau-fiye da tsammani
beutifully,beutifully
blameless,mara laifi
blissfully,cikin ni'ima
bloom,fure
blossom,fure
bolster,ƙarfafa
bonny,bonny
bonus,kari
bonuses,kari
boom,albarku
booming,booming
boundless,m
bountiful,falala
brainiest,mafi jaruntaka
brainy,mai hankali
brand-new,sabo-sabo
bravery,jaruntaka
bravo,bravo
breakthroughs,nasarori
breathlessness,rashin numfashi
breathtakingly,mai daukar hankali
breeze,iska
brighten,haskaka
brighter,haske
brilliance,haske
brilliances,brilliances
brilliantly,brilliantly
brotherly,dan uwa
bullish,bullish
cajole,cajole
calmness,kwanciyar hankali
capability,iyawa
capably,iyawa
captivate,kamewa
captivating,jan hankali
cashback,cashback
cashbacks,kudade
catchy,mai kamawa
celebration,bikin
celebratory,bikin
champ,zakara
champion,zakara
charisma,kwarjini
charismatic,mai kwarjini
charitable,sadaka
charmingly,da fara'a
chaste,tsattsarka
cheaper,mai rahusa
cheapest,mafi arha
cherub,kerub
chivalrous,chivalrous
chivalry,chivalry
civility,wayewa
civilize,wayewa
classic,na gargajiya
cleanest,mafi tsabta
cleanliness,tsafta
cleanly,a tsabtace
clear-cut,bayyananniya
clearer,bayarda
cleverly,da wayo
cohere,cohere
coherence,daidaituwa
coherent,m
cohesive,haɗin kai
colorful,m
comely,kyakkyawa
comfortably,cikin kwanciyar hankali
comfy,comfy
commendable,abin yabo
commendably,abin yabawa
commodious,kayayyaki
compact,karami
compactly,karami
compassion,tausayi
compatible,jituwa
complement,kari
complementary,karin
complemented,cika
complements,cikawa
compliant,mai yarda
compliment,yabo
complimentary,kyauta
conciliatory,sulhu
concise,dunkule
congenial,na haihuwa
congratulatory,barka da warhaka
conscientious,mai hankali
considerate,m
consistent,daidaito
consistently,akai-akai
constructive,mai amfani
consummate,cika
contentment,wadatar zuci
continuity,ci gaba
contrasty,saba
contribution,taimako
convenience,saukakawa
convenient,dace
conveniently,dace
convience,yarda
convienient,mai dacewa
convient,yarda
convincing,gamsarwa
convincingly,gamsarwa
coolest,mafi kyau
cooperative,aiki tare
cooperatively,aiki tare
cornerstone,dutsen gini
correct,daidai
correctly,daidai
cost-effective,mai tsada
cost-saving,tsadar kuɗi
counter-attack,kai hari
counter-attacks,kai hare-hare
courageously,gaba gaɗi
courageousness,ƙarfin zuciya
courtly,ladabi
covenant,alkawari
cozy,jin dadi
credence,amintacce
credible,abin yarda
crisp,kintsattse
crisper,m
cure,magani
cure-all,warkewa-duka
cushy,cushy
cuteness,yankewa
danke,danke
danken,danken
daringly,cikin tsoro
darling,masoyi
dashing,faduwa
dawn,wayewar gari
dazzle,rudani
dazzled,mamaki
dazzling,dazzling
dead-cheap,mutu-arha
dead-on,mutu-kan
decency,ladabi
decent,mai kyau
decisiveness,yanke hukunci
defeat,shan kashi
defeated,ci
defeating,cin nasara
defeats,shan kashi
deference,girmamawa
deft,deft
deginified,rabewa
delectable,delectable
delicacy,abinci
delicate,m
delicious,dadi
delightful,dadi
delightfully,da farin ciki
delightfulness,ni'ima
dependable,abin dogaro
dependably,abin dogaro
deservedly,cancanci
deserving,cancanta
desiring,marmarin
destiny,makoma
detachable,m
devout,ibada
dexterous,mai rikitarwa
dexterously,deraminci
dextrous,dextrous
dignified,mai martaba
dignify,girmama
dignity,mutunci
diligence,himma
diligent,mai ƙwazo
diligently,himma
diplomatic,diflomasiyya
dirt-cheap,datti-mai rahusa
distinction,bambanci
distinctive,rarrabe
distinguished,bambanta
diversified,daban-daban
divine,allahntaka
divinely,allahntaka
dominate,mamaye
dominated,mamaye
dominates,mamaye
dote,dote
dotingly,dimately
doubtless,babu shakka
dreamland,ƙasar mafarki
dumbfounded,ya dimauce
dumbfounding,rubewa
dummy-proof,cikakken-hujja
durable,m
dynamic,tsauri
eagerly,cikin ɗoki
eagerness,himma
earnestly,da ƙwazo
earnestness,himma
eased,saukake
eases,saukake
easier,mai sauki
easiest,mafi sauki
easiness,sauƙaƙewa
easing,sassautawa
easy-to-use,mai sauƙin amfani
easygoing,mai saukin kai
ebullience,cikawar
ebullient,ma'ana
ebulliently,akullum
ecenomical,ecenomical
economical,tattali
ecstasies,farin ciki
ecstasy,farin ciki
ecstatically,cike da annashuwa
edify,ingantawa
educated,mai ilimi
effectiveness,tasiri
effectual,tasiri
efficacious,mai amfani
efficient,ingantaccen
efficiently,nagarta sosai
effortless,effortless
effortlessly,effortlessly
effusion,zubar ruwa
effusive,mai kuzari
effusively,cikakke
effusiveness,kuzari
elan,elan
elate,bayyana
elatedly,cikin farin ciki
electrify,lantarki
elegance,ladabi
elevate,daukaka
elite,fitattu
eloquence,balaga
eloquent,kaifin magana
eloquently,iya magana
embolden,karfafawa
eminence,fitarwa
eminent,mashahuri
empathize,tausaya wa
empathy,tausayawa
empower,karfafawa
empowerment,karfafawa
enchant,sihiri
enchanting,sihiri
enchantingly,cikin sihiri
encouraging,ƙarfafawa
encouragingly,karfafa gwiwa
endear,kauna
endearing,masoya
endorsing,yarda
energize,kuzari
energy-efficient,makamashi-ingantaccen
energy-saving,tanadin kuzari
engaging,shiga
engrossing,cikawa
enhance,inganta
enhanced,inganta
enhancement,kayan haɓakawa
enhances,kara habaka
enjoyable,m
enjoyably,more
enjoyed,naji dadin
enjoyment,morewa
enlightenment,fadakarwa
enliven,rayayyu
ennoble,rashin iyawa
enough,isa
enrapt,zana
enraptured,enraptured
enrich,wadãtar
enrichment,wadatarwa
entertain,nishadantar
entertains,nishadantarwa
enthrall,mai ban sha'awa
enthralled,mai ban sha'awa
enthuse,sha'awa
enthusiasm,babbar sha'awa
enthusiast,mai himma
enthusiastically,da farin ciki
entice,yaudare
enticed,yaudara
enticing,jawo hankali
enticingly,cikin hankali
entranced,entranced
entrancing,entrancing
entrust,amana
enviable,kishi
enviably,hasada
envious,hassada
enviously,hassada
enviousness,hassada
envy,hassada
equitable,daidaito
ergonomical,ergonomical
err-free,Kuskure
erudite,jahilci
eulogize,rairayi
euphorically,euphorically
evaluative,kimantawa
evenly,daidai
eventful,m
everlasting,har abada
evocative,m
exalt,daukaka
exaltation,daukaka
exalted,daukaka
exaltedly,ɗaukaka
exalting,daukaka
exaltingly,samawan
examplar,mai dubawa
examplary,abin koyi
excallent,na kwarai
exceed,wuce
exceeded,wucewa
exceeding,wucewa
exceedingly,da yawa
exceeds,ya wuce
excel,fice
exceled,ware
excelent,banda
excellant,ficewa
excelled,tayi fice
excellency,daukaka
excellently,kwarai da gaske
excels,ya fi kyau
exceptional,na kwarai
exceptionally,banda haka
excitedly,cikin farin ciki
excitedness,farin ciki
excites,zumudi
excitingly,cikin farin ciki
exellent,madalla
exemplar,misali
exemplary,abin misali
exhilarate,exhilarate
exhilaratingly,exhilaratingly
exhilaration,farin ciki
expansive,fadada
expeditiously,hanzarta
expertly,gwaninta
exquisite,dadi
exquisitely,mafi kyau
extol,daukaka
extoll,daukaka
extraordinarily,ƙari
extraordinary,na ban mamaki
exuberance,farin ciki
exuberantly,cike da murna
exult,yi murna
exultation,murna
exultingly,da murna
eye-catch,ido-kama
eye-catching,daukar ido
eyecatch,sa idanun ido
eyecatching,sa idanun ido
fabulously,shahararre
facilitate,sauƙaƙe
fairly,adalci
fairness,adalci
faithfully,aminci
faithfulness,aminci
famed,sananne
famous,shahara
famously,shahararre
fancier,fancier
fancinating,fancinating
fancy,zato
fanfare,fansa
fans,magoya baya
fantastically,abin mamaki
fascinatingly,mai ban sha'awa
fascination,sha'awa
fashionable,gaye
fashionably,gaye
fast,azumi
fast-growing,sauri-girma
fast-paced,da sauri-sauri
faster,sauri
fastest,fi sauri
fastest-growing,mafi sauri-girma
faultless,mara aibi
fav,fav
fave,fave
favorable,m
favour,ni'ima
fearlessly,rashin tsoro
feasible,m
feasibly,mai yiwuwa
feat,feat
feature-rich,fasali-mai arziki
fecilitous,mai ladabi
feisty,rawanin
felicitate,yi nasara
felicitous,maras kyau
felicity,cin nasara
fertile,m
fervently,da ƙwazo
fervidly,a hankali
fervor,himma
fidelity,aminci
fiery,na wuta
fine-looking,kyau-kyan gani
finely,finely
finer,finer
finest,mafi kyau
firmer,firmer
first-class,aji na farko
first-in-class,farko-a-aji
first-rate,na farko-kudi
flashy,mai walƙiya
flatter,flatter
flattering,fadanci
flatteringly,daita
flawless,mara aibi
flawlessly,flawlessly
flexibility,sassauci
flexible,m
flourish,yabanya
flourishing,mai bunƙasa
fluent,m
flutter,gurnani
fondly,so
foolproof,wawa
foremost,farkon
foresight,hangen nesa
formidable,karaya
fortitude,karfin gwiwa
fortuitous,mai yawan amfani
fortuitously,akai-akai
fortunately,akayi sa'a
fortune,arziki
fragrant,mai kamshi
freed,yantu
freedoms,yanci
fresher,sabo ne
freshest,sabo ne
friendliness,abota
frolic,frolic
frugal,mai da hankali
fruitful,hayayyafa
fulfillment,cikawa
futurestic,dan gaba
futuristic,na gaba
gaiety,gaiety
gaily,gaily
gainful,riba
gainfully,riba
galore,kamar haka
geekier,geekier
geeky,geeky
gem,dutse mai daraja
gems,duwatsu masu daraja
generosity,karimci
generously,karimci
genius,baiwa
gentle,m
gentlest,mai ladabi
genuine,gaske
gifted,kyauta
gladden,farin ciki
gladly,da farin ciki
gladness,murna
gleefully,cikin farin ciki
glimmer,annuri
glimmering,kyalkyali
glisten,annuri
glistening,kyalkyali
glitter,kyalkyali
glitz,glitz
glorify,daukaka
gloriously,ɗaukaka
glow,haske
glowing,haske
glowingly,da annashuwa
god-given,allah-ya bashi
god-send,allah-aika
godlike,mai kama da allah
gold,zinariya
golden,zinariya
goodly,da kyau
goodwill,fatan alheri
goood,goood
gooood,kyau
gorgeous,na kwazazzabo
gorgeously,kwazazzabo
graceful,na alheri
gracefully,da alheri
graciously,da alheri
graciousness,alheri
grandeur,girma
gratefully,godiya
gratified,gratified
gratifies,abubuwan farin ciki
gratify,yarda
gratifying,mai ban sha'awa
gratifyingly,gratifyingly
gratitude,godiya
greatness,girma
grin,murmushi
groundbreaking,fasa ƙasa
guidance,shiriya
guiltless,mara laifi
gumption,hauhawa
gush,gush
gusto,farin ciki
gutsy,gutsy
halcyon,halcyon
hale,hale
hallmark,alama
hallmarks,alamomi
hallowed,tsarkake
handier,Handier
handily,hannu
hands-down,hannaye-saukar
handsome,kyakkyawa
handsomely,kyakkyawa
handy,m
happier,farin ciki
happily,cikin farin ciki
hard-working,mai aiki tukuru
harmless,m
harmonious,jitu
harmoniously,jituwa
harmonize,daidaita
harmony,jituwa
headway,kan hanya
heal,warkar
healthful,mai lafiya
hearten,zuciya
heartening,mai ban sha'awa
heartily,da zuciya
heartwarming,mai sanyaya zuciya
helped,taimaka
heroically,gwarzo
heroine,jaruma
heroize,jaruntaka
heros,heros
high-quality,mai inganci
high-spirited,mai-ruhi
holy,mai tsarki
homage,girmamawa
honesty,gaskiya
honorable,mai daraja
hooray,hooray
hospitable,m
hot,zafi
hotcake,hotcake
hotcakes,hotkakes
hottest,mafi zafi
humane,mutumtaka
humble,mai tawali'u
humility,tawali'u
humorously,cikin raha
ideal,manufa
idealize,daidaita
ideally,fi dacewa
idol,gunki
idolize,shirka
idolized,shirka
idyllic,idyllic
illuminate,haskaka
illuminati,illuminati
illuminating,mai haskakawa
illumine,rashin lafiya
illustrious,mai haske
ilu,ilu
imaculate,kwaikwayon
imaginative,mai hasashe
immaculate,m
immaculately,immaculately
immense,babba
impartial,rashin son kai
impartiality,rashin son kai
impartially,rashin nuna bambanci
impassioned,m
impeccable,impeccable
impeccably,impeccably
impressively,burgewa
impressiveness,burgewa
improvements,inganta
incredible,m
incredibly,mai wuce yarda
indebted,bashi
individualized,keɓaɓɓe
indulgence,sha'awa
indulgent,mai yawan sha'awa
industrious,mai ƙwazo
inestimable,inestimable
inestimably,inestimably
inexpensive,m
infallibility,rashin kuskure
infallible,ma'asumi
infallibly,ma'asumi
ingenious,wayo
ingeniously,cikin dabara
ingenuity,dabara
ingenuous,wayo
ingenuously,cikin dabara
innocuous,mara laifi
inpressed,shigarwa
insightful,mai hankali
insightfully,basira
instantly,nan take
instructive,mai koyarwa
instrumental,kayan aiki
integral,na game
integrated,hadedde
intelligence,hankali
intelligible,fahimta
intimacy,kusanci
intimate,m
intrigue,makirci
intriguing,m
intriguingly,mai ban sha'awa
intuitive,ilhama
invaluable,m
invaluablely,invaluablely
inventive,inventive
invigorate,kuzari
invigorating,kuzari
invincibility,rashin nasara
inviolable,mara iyaka
inviolate,hana aiki
irreplaceable,ba za'a iya maye gurbinsu ba
irreproachable,wanda ba a iya sanshi ba
irresistibly,mara hanawa
issue-free,ba matsala
jaw-droping,jaw-jaw
jaw-dropping,jaw-faduwa
jollify,santala
joyously,cikin farin ciki
jubilantly,jubilantly
jubilate,jubilate
jubilation,jubilation
jubiliant,jubiliant
judicious,mai hankali
justly,dai dai
keenly,a hankali
keenness,son kai
kid-friendly,yaro-m
kindliness,kirki
kindly,mai kirki
kindness,alheri
knowledgeable,ilmi
large-capacity,manyan-damar
laud,yabo
laudable,abin yabo
laudably,laudably
lavish,lavish
lavishly,lavishly
law-abiding,bin doka
lawful,halal
lawfully,ta halal
lead,jagoranci
leading,jagora
leads,take kaiwa
lean,durƙusa
led,jagoranci
legendary,almara
leverage,yin amfani
levity,levity
liberate,yantu
liberation,'yanci
liberty,yanci
light-hearted,mai haske
lighter,wuta
likable,wanda ake so
liking,so
lionhearted,mai zuciyar zuciya
logical,ma'ana
long-lasting,dadewa
lovably,abin kauna
loveliness,soyayya
lover,masoyi
loves,yana kauna
low-cost,maras tsada
low-price,low-price
low-priced,mai rahusa
low-risk,ƙananan haɗari
lower-priced,mai rahusa
lucid,lucid
lucidly,zakaria
luckier,mafi sa'a
luckiest,mafi sa'a
luckiness,sa'a
lucrative,riba
luminous,luminous
lush,lush
luster,haske
lustrous,mai son sha'awa
luxuriant,na marmari
luxuriate,dadi
luxurious,na marmari
luxuriously,cikin annashuwa
luxury,alatu
lyrical,waƙa
magic,sihiri
magical,sihiri
magnanimous,girma
magnanimously,magnanancin
magnificence,girma
magnificent,m
magnificently,da girma
majestic,majestic
majesty,girma
manageable,sarrafawa
maneuverable,abin motsawa
marveled,yi mamakin
marvelled,yi mamakin
marvellous,ban mamaki
marvelously,da ban mamaki
marvelousness,al'ajabi
master,maigida
masterful,gwaninta
masterfully,masterfully
masters,masters
mastery,ƙwarewa
matchless,kwatankwacinsa
maturely,balaga
maturity,balaga
memorable,abin tunawa
merciful,mai jinƙai
mercifully,da rahama
merit,abin yabo
meritorious,abin yabo
merrily,cikin farin ciki
merriment,abin yabo
merriness,merriness
mesmerize,mai da hankali
mesmerized,merarfafawa
mesmerizes,mesmerizes
mesmerizing,mitar hankali
mesmerizingly,mesmerizingly
meticulous,mai yawan hankali
meticulously,da hankali
mightily,da karfi
mighty,mai girma
mind-blowing,hankali-hurawa
miracles,mu'ujizai
miraculous,banmamaki
miraculously,ta hanyar mu'ujiza
miraculousness,banmamaki
modern,zamani
modest,suna fadin
modesty,filako
momentous,muhimmanci
monumental,abin tunawa
monumentally,abin tunawa
morality,halin kirki
multi-purpose,Multi-manufa
navigable,Na'urar bincike
neat,m
neatest,mafi kyau
neatly,da kyau
nicely,da kyau
nicer,mafi kyau
nicest,mafi kyau
nimble,nimble
nobly,daraja
noiseless,ba amo
non-violence,ba tashin hankali
non-violent,ba tashin hankali
notably,musamman
noteworthy,abin lura
nourish,ciyar da abinci
nourishing,m
nourishment,abinci
novelty,sabon abu
nurturing,nurtarwa
oasis,zango
obsession,kamu da hankali
obsessions,shagaltarwa
obtainable,wanda za'a iya samu
openly,a bayyane
openness,budewa
optimal,mafi kyau duka
opulent,wadata
orderly,tsari
originality,asali
outdo,wucewa
outdone,wucewa
outperform,fiye da yadda aka saba
outperformed,aka fi sani
outperforming,sama da cikawa
outperforms,mafi kyau
outshine,fita waje
outshone,na waje
outsmart,waje
outstandingly,a tsaye
outstrip,wucewa
outwit,outwit
ovation,ovation
overtake,riske
overtaken,wucewa
overtakes,wucewa
overtaking,wucewa
overtook,ya riske
overture,wucewa
pain-free,mara zafi
painless,m
painlessly,ba tare da jin zafi ba
palatial,sarauta
pamper,lele
pampered,laulayi
pamperedly,cikin nutsuwa
pamperedness,ciwon mara
pampers,yan leken asiri
panoramic,panoramic
paramount,mafi muhimmanci
passion,sha'awar
passionately,cikin sha'awa
patience,haƙuri
patient,mai haƙuri
patiently,da haƙuri
patriot,mai kishin kasa
patriotic,mai kishin kasa
peaceable,mai son zaman lafiya
peacekeepers,sojojin kiyaye zaman lafiya
peach,peach
peerless,mara kyau
pep,pep
pepped,pepped
pepping,pepping
peppy,peppy
peps,peps
perfection,kamala
permissible,halatta
perseverance,jajircewa
persevere,ka dage
personages,kulawa
personalized,keɓaɓɓe
phenomenal,abin mamaki
phenomenally,abin mamaki
piety,taƙawa
pinnacle,pinnacle
playfully,wasa
pleasantly,da farin ciki
pleases,so
pleasing,m
pleasingly,da yarda
pleasurable,m
pleasurably,gamsarwa
plentiful,yalwatacce
pluses,ƙari
plush,ƙari
plusses,kari
poetic,waka
poeticize,rubutattun wakoki
poignant,mai zafi
poise,ji daɗi
poised,a shirye
polished,goge
polite,ladabi
politeness,ladabi
portable,šaukuwa
posh,posh
positives,tabbatacce
powerfully,da iko
praiseworthy,abin yabo
pre-eminent,pre-mashahuri
precious,mai daraja
precise,madaidaici
precisely,daidai
preeminent,fifiko
prefer,fi so
preferable,fin fin so
preferably,zai fi dacewa
prefered,aka fi so
preferes,fifita
preferring,fifikon
prefers,ya fi so
premier,firamare
prestige,martaba
prestigious,martaba
prettily,prettily
priceless,m
pride,girman kai
principled,mai ka'ida
privilege,gata
prize,kyauta
problem-free,ba matsala
problem-solver,mai warware matsala
prodigious,karin bayani
prodigiously,zakaria
prodigy,Karin bayani
productive,m
productively,mai amfani
proficient,gwaninta
proficiently,da gwaninta
profound,bayyananne
profoundly,bayyananne
profuse,wadatar
profusion,profusion
progressive,ci gaba
prolific,wadata
prominence,shahara
promising,alamar rahama
promoter,mai talla
prompt,da sauri
promptly,da sauri
proper,dace
properly,yadda ya kamata
propitious,mai ladabi
propitiously,propitiously
pros,ribobi
prosper,ci gaba
prosperity,wadata
prospros,prospros
protection,kariya
protective,m
proven,ya tabbatar
proves,ya tabbatar
providence,azurtawa
proving,tabbatar
prowess,ƙarfin hali
prudence,hankali
prudent,mai hankali
prudently,cikin hankali
punctual,a kan lokaci
pure,tsarkakakke
purify,tsarkakewa
purposeful,ma'ana
quaint,quaint
qualified,cancanta
qualify,cancanta
quicker,da sauri
quiet,shiru
quieter,ya fi shuru
radiance,annuri
radiant,annuri
rapid,m
rapport,yarjejeniya
rapt,fyaɗe
raptureous,fyaucewa
raptureously,fyaucewa
rapturously,syedayewa
rational,m
razor-sharp,reza-kaifi
reachable,za'a iya kaiwa
readable,wanda za'a iya karantawa
readily,a sauƙaƙe
ready,shirye
reaffirm,sake tabbatarwa
reaffirmation,sake tabbatarwa
realistic,idon basira
realizable,realizable
reasonable,mai hankali
reasonably,mai ma'ana
reasoned,dalili
reassurance,tabbaci
receptive,mai karɓa
reclaim,kwato
recomend,sakayya
recommendation,shawarwarin
recommendations,shawarwari
reconcile,sulhu
reconciliation,sulhu
record-setting,rikodin-saitin
recover,warke
recovery,dawowa
rectification,gyara
rectify,gyara
rectifying,gyara
redeem,fanshe
redeeming,fansa
redemption,fansa
refine,tata
refined,tace
refinement,tsaftacewa
reform,gyara
reformed,gyara
reforming,gyarawa
reforms,sake fasalin
refresh,shakatawa
refreshed,wartsake
refreshing,shakatawa
refund,maida
refunded,biya
regal,mulki
regally,rajista
regard,la'akari
rejoicingly,farin ciki
rejuvenate,sabuntawa
rejuvenated,sabuntawa
rejuvenating,sake sabuntawa
relent,juya baya
reliable,abin dogara
reliably,abin dogaro
relief,taimako
relish,murna
remarkably,yadda ya kamata
remedy,magani
remission,gafartawa
remunerate,biya
renaissance,farkawa
renewed,sabunta
renown,sananne
renowned,mashahuri
replaceable,maye gurbin
reputable,mutunci
reputation,suna
resilient,juriya
resound,sake amsawa
resounding,resounding
resourceful,m
resourcefulness,kayan aiki
respect,girmamawa
respectable,mai martaba
respectful,girmamawa
respectfully,cikin girmamawa
respite,jinkirta
resplendent,mai girma
responsibly,alhakin
restructure,sake fasali
restructured,sake fasalin
restructuring,sake gyarawa
retractable,retractable
revel,yi murna
revelation,wahayi
revere,girmamawa
reverence,girmamawa
reverent,girmamawa
reverently,girmamawa
revitalize,sake farfadowa
revival,Tarurrukan
revolutionary,mai neman sauyi
revolutionize,canzawa
revolutionized,canzawa
revolutionizes,canzawa
rewardingly,lada
richer,wadata
richly,da arziki
richness,arziki
right,dama
righten,daidaita
righteous,masu adalci
righteously,adalci
righteousness,adalci
rightful,mai gaskiya
rightfully,daidai
rightly,daidai
rightness,daidai
risk-free,rashin haɗari
rock-star,dutsen tauraruwa
rock-stars,taurari-taurari
rockstar,tauraron dutse
rockstars,duwatsu
romantic,na soyayya
romantically,soyayya
romanticize,soyayyar
roomier,mai daki
roomy,na ɗaki
rosy,Rosy
sagacity,sagacity
sagely,sagely
saint,waliyyi
saintliness,tsarkaka
saintly,tsarkakakke
salutary,salutary
salute,sallama
sane,mai hankali
satisfactorily,gamsarwa
satisfactory,gamsarwa
satisfies,gamsarwa
satisfy,gamsar
satisfying,gamsarwa
satisified,gamsu
saver,tanadin
savings,tanadi
savior,mai ceto
savvy,savvy
scenic,wasan kwaikwayo
seamless,sumul
seasoned,yaji
securely,amintacce
selective,mai zaɓe
self-determination,yanke hukunci kai
self-respect,girmama kai
self-satisfaction,gamsar da kai
self-sufficiency,wadatar kai
self-sufficient,wadatar kai
sensation,abin mamaki
sensational,abin mamaki
sensationally,abin ban sha'awa
sensations,majiyai
sensible,mai hankali
sensibly,hankali
sensitive,m
serenity,nutsuwa
sharp,kaifi
sharper,sharper
sharpest,kaifi
shimmering,shimmering
shimmeringly,shimmeringly
shine,haskaka
shiny,mai haske
silent,shiru
simpler,mafi sauki
simplest,mafi sauki
simplified,Saukake
simplifies,simplifies
simplify,sauƙaƙa
simplifying,sauƙaƙe
skill,fasaha
skilled,gwani
skillful,gwaninta
skillfully,da gwaninta
slammin,slammin
sleek,sumul
smartly,da wayo
smilingly,yana murmushi
smitten,cinyewa
smooth,santsi
smoother,mai santsi
smoothes,gyara
smoothest,mafi kyau
smoothly,sannu
snappy,mara kyau
snazzy,snazzy
sociable,m
soft,mai laushi
softer,laushi
solace,ta'aziyya
solicitous,mai hankali
solicitously,a hankali
soothingly,kwantar da hankali
soulful,mai son rai
soundly,lafiya
soundness,lafiya
spacious,fili
spectacular,na ban mamaki
spectacularly,na ban mamaki
speedily,da sauri
speedy,da sauri
spellbind,tabaru
spellbinding,maimaita rubutun
spellbindingly,karafamani
spellbound,haruffa
spiritual,na ruhaniya
splendidly,splendidly
splendor,ƙawa
spontaneous,maras wata-wata
sporty,na wasanni
spotless,tabo
stability,kwanciyar hankali
stabilize,dattako
stainless,bakin karfe
standout,tsayawa
state-of-the-art,na zamani
stately,mai mutunci
statuesque,mutum-mutumi
staunch,dagewa
staunchly,staunchly
staunchness,dagewa
steadfastly,cikin haƙuri
steadfastness,haƙuri
steadiest,steadiest
steadiness,kwatsam
steady,kwari
stellar,tauraruwa
stellarly,tauraruwa
stimulative,mai kara kuzari
stirringly,motsawa
straighten,daidaita
straightforward,madaidaiciya
streamlined,saukake
striking,karin
strikingly,karin
striving,ƙoƙari
stunned,mamaki
stunningly,da ban mamaki
stupendous,babba
stupendously,stupendously
sturdier,mai ƙarfi
sturdy,mai ƙarfi
stylish,mai salo
stylishly,mai salo
stylized,mai salo
suavely,suavely
sublime,daukaka
subsidize,ba da tallafi
subsidized,ba da tallafi
subsidizes,tallafi
subsidizing,tallafi
substantive,mahimmanci
succeed,yi nasara
succeeded,yi nasara
succeeding,cin nasara
succeeds,nasara
succes,yi nasara
successes,nasarori
successfully,cikin nasara
suffice,isa
sufficed,isa
suffices,isa
sufficient,isa
sufficiently,isasshe
suitable,dace
sumptuous,sumptuous
sumptuously,sumptuously
sumptuousness,summarcin
superbly,da kyau
superiority,fifiko
supple,supple
supremacy,daukaka
supreme,babba
supremely,babba
supurb,kari
supurbly,urbarin bayani
surmount,surmount
surpass,wuce
surreal,sallama
survival,rayuwa
sustainability,dorewa
sustainable,mai dorewa
swank,swank
swankier,swankier
swankiest,swankiest
swanky,swanky
sweeping,shara
sweeten,zaki
sweetheart,masoyi
sweetly,dadi
sweetness,zaƙi
swiftness,hanzari
talent,baiwa
talented,baiwa
talents,baiwa
tantalize,tantalize
tantalizing,tantalizing
tantalizingly,tantalizingly
tempt,riya
tempting,mai riya
temptingly,mai jarabawa
tenacious,m
tenaciously,farwaji
tenacity,ƙarfin hali
tenderly,mai taushi
terrifically,mai ban tsoro
thinner,siriri
thoughtfully,da tunani
thoughtfulness,tunani
thrift,arziki
thrifty,tanada
thrill,burgewa
thrilling,abin birgewa
thrillingly,cikin farin ciki
thrills,burgewa
thrive,bunƙasa
thriving,ci gaba
thumb-up,babban yatsa
thumbs-up,babban yatsu
tickle,cakulkuli
tidy,shirya
time-honored,lokaci-girmama
timely,a kan kari
tingle,tingle
titillate,titillate
titillating,titilla
titillatingly,tsautsayi
togetherness,kasancewa tare
tolerable,mai haƙuri
toll-free,kyauta
top-notch,saman-daraja
top-quality,mafi inganci
topnotch,gindi
tough,tauri
tougher,mafi wuya
toughest,mafi wuya
traction,gogayya
tranquility,kwanciyar hankali
transparent,m
tremendously,tremendously
trendy,yayi
triumphal,cin nasara
triumphantly,cikin nasara
trivially,mara kyau
trophy,ganima
trouble-free,ba matsala
trump,ƙaho
trumpet,ƙaho
trusting,dogara
trustingly,amintacce
trustworthiness,amana
trustworthy,amintacce
trusty,amintacce
truthful,mai gaskiya
truthfully,gaskiya
truthfulness,gaskiya
twinkly,lumshe ido
ultra-crisp,matsananci-kintsattse
unabashed,mara kunya
unabashedly,mara kunya
unaffected,ba a shafa ba
unassailable,wanda ba za a iya kashe shi ba
unbeatable,rashin nasara
unbound,mara iyaka
uncomplicated,rikitarwa
unconditional,ba sharadi
undamaged,mara lalacewa
undaunted,undaunted
understandable,fahimta
undisputable,ba gardama
undisputably,ba gardama
undisputed,ba gardama
unencumbered,bashi da nauyi
unequivocal,babu shakka
unequivocally,ba shakka
unfazed,ba damuwa
unfettered,ba a bayyana ba
unforgettable,wanda ba za'a iya mantawa dashi ba
unity,hadin kai
unlimited,mara iyaka
unparalleled,mara misaltuwa
unquestionable,babu shakka
unquestionably,babu shakka
unreal,ba gaskiya bane
unrestricted,mara iyaka
unrivaled,gasa
unselfish,mara son kai
unwavering,kasawa
upbeat,upbeat
upgradable,sabuntawa
upgradeable,inganci
upgraded,an inganta
upheld,tsayar
uphold,goyi bayan
uplift,daukaka
uplifting,daukakawa
upliftingly,upliftingly
upliftment,daukaka
upscale,caarfafawa
usable,mai amfani
useable,amfani
user-friendly,mai amfani
user-replaceable,Mai maye gurbin mai amfani
valiant,gwarzo
valiantly,gwarzo
valor,gwarzo
valuable,mai muhimmanci
variety,iri-iri
venerate,girmamawa
verifiable,tabbatacce
veritable,gaskiya
versatile,m
versatility,yawaita
vibrantly,vibrantly
victorious,nasara
victory,nasara
viewable,wanda za'a iya gani
vigilance,lura
virtue,nagarta
virtuously,virtuously
vivid,m
vouch,bauciya
vouchsafe,bawsafe
warmer,dumi
warmhearted,mai karimci
warmly,sosai
well,da kyau
well-backlit,kyau-haske
well-balanced,daidaitacce
well-behaved,da-kyau
well-being,walwala
well-bred,da kyau-bred
well-connected,haɗi sosai
well-educated,masu ilimi
well-established,tabbatacce
well-informed,sane sosai
well-intentioned,kyakkyawan niyya
well-known,sananne
well-made,da kyau
well-managed,kyakkyawan sarrafawa
well-mannered,mai ladabi
well-positioned,an daidaita shi sosai
well-received,an karɓa sosai
well-regarded,da-kyau
well-rounded,mai kyau
well-run,sannu-sannu
well-wishers,masu fatan alheri
wellbeing,zaman lafiya
whoa,waye
wholeheartedly,da zuciya ɗaya
wholesome,mai kyau
whooa,wanna
whoooa,waye
wieldy,mai karfi
willing,shirye
willingly,bisa yarda
windfall,faduwar iska
winnable,syeda
winners,masu nasara
wisdom,hikima
wise,hikima
wisely,cikin hikima
witty,mai hankali
wonder,yi mamaki
wonderfully,abin al'ajabi
wonderous,yalwar
wonderously,yanananna
wonders,abubuwan al'ajabi
wondrous,banmamaki
work,aiki
workable,mai iya aiki
worked,yi aiki
works,yana aiki
world-famous,sanannen duniya
worth-while,daraja-yayin
worthiness,cancanta
worthwhile,mai amfani
wowed,wawa
wowing,gyaɗawa
wows,alwashi
yay,yay
zeal,himma
zenith,zenith
zest,zest
zippy,zippy
abba,abba
abovementioned,an ambata
absolute,cikakke
absolution,warwarewa
academic,mai ilimi
academy,ilimi
acceptable,m
acceptance,yarda
accommodation,masauki
accompaniment,rakiyar
accord,yarjejeniya
accountability,hisabi
accountable,da lissafi
accredited,yarda
accueil,accueil
ace,ace
achieve,cimma
acknowledgment,amincewa
acquire,saya
acquiring,samu
acrobat,acrobat
action,aiki
actual,ainihin
acuity,acuity
adapt,daidaita
addresses,adiresoshin
adept,gwaninta
adequacy,wadata
adjunct,adjunct
admiral,Admiral
admissible,m
adoration,sujada
advance,ci gaba
advancement,ci gaba
advent,zuwan
advisable,shawara
advise,ba da shawara
adviser,mai ba da shawara
advocacy,ba da shawara
aesthetic,na ado
aesthetics,kayan ado
affiliated,alaƙa
affirmatively,tabbatacce
aga,aga
agreeing,yarda
agriculture,aikin gona
ahead,gaba
aid,taimako
aiding,taimako
alabaster,alabasta
alertness,jijjiga
alimentation,alimentation
allay,sauka
allegiance,biyayya
allegro,alliro
alleviate,sauƙaƙe
alleviation,ragewa
allied,kawance
allowable,halatta
allure,lallashi
ally,abokin tarayya
almighty,madaukaki
aloha,lafiya
ambassador,jakadiya
ambition,buri
amen,amin
amend,gyara
amends,gyara
amnesty,afuwa
amour,amour
analyst,manazarci
anchor,anga
anchorage,anga
animate,mai rai
animated,mai rai
antibiotics,maganin rigakafi
antidote,maganin guba
antifungal,antifungal
antique,tsoho
antiseptic,maganin antiseptik
aplomb,aplomb
apologetic,mai neman gafara
apologize,yi hakuri
apology,uzuri
apostle,manzo
approbation,yarda
approving,yarda
apt,dace
aptitude,iyawa
archaeology,ilmin kimiya na kayan tarihi
aristocracy,aristocracy
aristocratic,aristocratic
armed,dauke da makamai
armor,makamai
aroma,ƙanshi
arouse,tada
array,tsararru
art,fasaha
articulation,magana
artisan,mai sana'a
artiste,mawaƙi
artistic,m
ascendancy,hauhawa
ascent,hawan
aspiring,m
assembly,taro
assent,yarda
asserting,tabbatarwa
assist,taimaka
assistance,taimako
associate,abokin tarayya
assuage,assuage
assured,tabbatar
astrologer,masanin taurari
astronaut,dan sama jannati
astronomer,masanin taurari
astute,mai hankali
athlete,ɗan wasa
athletic,'yan wasa
atom,atom
atone,kafara
atonement,kaffara
attachment,abin da aka makala
attainable,samuwa
attainment,samu
attendant,mai hidima
attention,hankali
attest,shaida
attorney,lauya
attractiveness,sha'awa
augment,ƙara
august,august
aunt,inna
aura,aura
authenticity,sahihanci
author,marubuci
authorization,izini
authorized,izini
avatar,avatar
ay,ay
aye,iya
baby,jariri
baccalaureate,baccalaureate
balance,ma'auni
ballad,Ballad
ballet,yar rawa
ballot,kuri'a
balm,balm
balsam,balsam
banquet,liyafa
baptism,baftisma
baptismal,baftisma
bard,bard
basketball,kwando
bastion,bastion
bath,wanka
beam,katako
beaming,haske
beautification,ado
bedrock,gindin gado
beer,giya
befitting,dacewa
befriend,abota
believing,imani
benign,m
berth,kwanciya
betrothed,alkawari
betterment,kyautatawa
beverage,abin sha
biblical,Littafi Mai Tsarki
bilingual,mai harshe biyu
birth,haihuwa
birthday,ranar haihuwa
blessed,mai albarka
blessings,albarka
bloodless,marasa jini
boast,alfahari
bodyguard,mai gadi
boisterous,hayaniya
boldness,ƙarfin hali
bonanza,bonanza
bonne,bonne
bookish,littafi
bookshop,kantin sayar da littattafai
bookworm,littafin littafi
boon,boon
bounty,falala
bouquet,bouquet
brains,kwakwalwa
breakfast,karin kumallo
bridal,amarya
bride,amarya
bridegroom,ango
bridesmaid,amarya
brocade,dangi
brother,dan uwa
brotherhood,yan'uwantaka
buck,buk
buddy,aboki
build,gina
building,gini
bulldog,bulldog
bulletproof,harsasai
buoy,bugu
buss,buss
butler,mai shayarwa
buttery,man shanu
buxom,buxom
buzz,buzz
cab,taksi
cabinet,majalisar
cafe,cafe
calculator,kalkuleta
calf,maraƙi
canary,kanari
candid,m
candidate,dan takara
candied,candied
capitalist,dan jari hujja
captain,kyaftin
career,sana'a
caress,shafa
caretaker,mai kulawa
carol,carol
cascade,cascade
cash,tsabar kudi
categorical,na rarrabuwa
cater,shirya
cathartic,cathartic
cathedral,babban coci
cautious,m
cautiously,a hankali
celebrity,shahararre
celestial,na sama
center,tsakiya
centurion,jarumi
cerebral,kwakwalwa
ceremony,bikin
certainty,yaƙ .ni
chairman,shugaba
chairwoman,shugabar mata
chant,waƙa
charger,caja
charity,sadaka
charmed,fara'a
chastity,tsarki
chattering,hira
checklist,lissafin lissafi
cheerfulness,fara'a
chemist,likitanci
cherry,ceri
chieftain,shugaba
child,yaro
childhood,ƙuruciya
chirp,kururuwa
chisel,chisel
chocolate,cakulan
choice,zabi
choir,mawaƙa
choral,mawaƙa
chorus,mawaƙa
chosen,zaba
chowder,mahaukaci
chronicle,labari
chuckle,dariya
church,coci
cider,cider
circumcision,kaciya
circumvention,dawafi
citizen,ɗan ƙasa
civil,farar hula
civilization,wayewa
civilized,wayewa
clairvoyant,clairvoyant
clap,tafada
clarify,bayyana
classical,na gargajiya
classics,litattafan gargajiya
classify,rarrabasu
cleaning,tsaftacewa
cleanse,tsarkake
cleansing,tsarkakewa
clearance,yarda
clearness,tsabta
clerical,malami
cleverness,wayo
climax,ƙarshe
closeness,kusanci
closure,rufewa
clothe,sutura
clown,wawa
coalition,haɗin gwiwa
coast,bakin teku
coexist,zama tare
cogent,cogent
cognitive,fahimi
collectively,tare
colonel,kanar
colossal,babba
commandant,kwamanda
commanding,umarni
commemorate,tunawa
commemoration,tunawa
commemorative,abin tunawa
commentator,mai sharhi
commodore,commodore
commonwealth,gama gari
communicate,sadarwa
communicative,mai sadarwa
communion,tarayya
community,al'umma
commutation,canjawa
commute,tafiya
companion,aboki
compatibility,karfinsu
compelling,tursasawa
compensate,rama
compensatory,diyya
competence,iyawa
competency,iyawa
complacency,rashin gamsuwa
completely,gaba daya
completeness,cikawa
completing,kammalawa
completion,kammalawa
compliance,biyayya
complicity,haɗin kai
composed,hada
composer,mawaki
composure,nutsuwa
comprehend,fahimta
comrade,aboki
concentric,mai da hankali
conciliation,sulhu
concluding,kammalawa
concord,yarjejeniya
concordance,concordance
condolence,ta'aziyya
condone,yarda
conducive,mai kyau
conductivity,watsin aiki
confederate,hadaddiya
confess,furta
confirmed,tabbatar
conformance,dacewa
congregation,ikilisiya
congruence,daidaituwa
connoisseur,masani
conscience,lamiri
consciousness,sani
consecration,keɓewa
conservation,kiyayewa
conserve,kiyayewa
considerable,babba
consistency,daidaito
console,na'ura wasan bidiyo
consonant,baƙaƙe
constancy,daidaito
constant,akai
constitutional,tsarin mulki
construct,yi
contact,lamba
contemplation,tunani
content,abun ciki
continue,ci gaba
contour,kwane -kwane
contribute,ba da gudummawa
contributor,mai ba da gudummawa
convent,gidan zuhudu
convention,babban taro
conversant,mai tattaunawa
conversational,hira
convert,tuba
coolness,sanyin jiki
cooperate,hada kai
cooperating,hadin kai
cooperation,hadin kai
core,cibiya
coronation,nadin sarauta
corporation,kamfani
corporeal,jiki
corrective,gyara
correspondence,rubutu
corroborate,tabbatar
cosmopolitan,na duniya
cosy,jin dadi
council,majalisa
counsel,shawara
counselor,mai ba da shawara
count,ƙidaya
countess,ƙima
courtship,zawarci
cove,rufewa
cradle,shimfiɗar jariri
craft,sana'a
craftsman,mai sana'a
cream,kirim
create,ƙirƙiri
credential,takardun shaida
credibility,dogara
credit,daraja
creditable,mai daraja
credited,aka bashi
crescendo,crescendo
critique,suka
crowning,kambi
crucial,mahimmanci
crystal,lu'ulu'u
cuddle,rungume
culinary,dafuwa
culmination,ƙarshe
cultivate,noma
cultivated,horar da
cultivation,noman
culture,al'ada
cunning,wayo
curable,mai warkarwa
curiosity,son sani
curl,lanƙwasa
cushion,matashi
customer,abokin ciniki
cutters,masu yankewa
dame,dame
dance,rawa
daughter,'ya
deal,yarjejeniyar
debate,muhawara
declaratory,bayyanawa
dedication,sadaukarwa
defend,kare
defended,kare
defending,karewa
defense,tsaro
definitive,tabbatacce
degree,digiri
delegate,wakili
deliberate,da gangan
deliverance,kubutarwa
delivery,isarwa
democracy,dimokuradiyya
demonstrable,nunawa
demonstrative,mai nunawa
dependent,dogara
depth,zurfin
descriptive,mai siffantawa
deserve,cancanci
deserved,cancanci
designer,zanen
destination,manufa
detect,gane
detection,ganewa
determination,ƙuduri
develop,ci gaba
devotional,ibada
dexterity,dabara
diary,littafin diary
dictionary,kamus
didactic,wasan kwaikwayo
dietary,na abinci
dinner,abincin dare
diplomacy,diflomasiyya
director,darekta
discovery,ganowa
discreet,m
discretion,hankali
discretionary,m
discussion,tattaunawa
disinfection,disinfection
disposed,zubar
disseminate,yada
distillation,distillation
ditty,ditty
diverse,iri -iri
diversion,shagala
divinity,allahntaka
doctor,likita
doer,mai aikatawa
dogged,kare
dolphin,dabbar dolphin
don,don
donation,kyauta
dove,kurciya
downy,downy
duet,duet
duke,sarki
durability,karko
dutiful,mai biyayya
earl,kunne
earn,sami
easement,sauƙi
eat,ci
edification,gyarawa
educate,ilimantar
educational,ilimi
efficacy,inganci
efficiency,inganci
effort,ƙoƙari
ejaculation,fitar maniyyi
elaboration,bayani
elder,dattijo
elders,dattawa
elect,zaɓaɓɓu
electric,lantarki
electricity,wutar lantarki
elevation,dagawa
eligible,m
elucidate,bayyana
emancipation,'yanci
emeritus,fitowar
eminently,na musamman
emir,sarki
emulate,yi koyi
enable,ba da dama
enablement,iyawa
encore,ƙulla
encyclopedia,Encyclopedia
endeavor,ƙoƙari
endless,mara iyaka
endow,ba da
endowed,kyauta
endowment,kyauta
endurance,jimiri
endure,jimre
enforce,tilasta
engaged,tsunduma
ensemble,tara
ensign,sanya alama
entertained,nishaɗi
entertainment,nishaɗi
environ,kewaye
ephemeris,ephemeris
epic,almara
epitome,misali
equality,daidaito
equally,daidai
equilibrium,ma'auni
equity,adalci
erotic,na batsa
errand,aiki
escape,tsere
esprit,esprit
essential,mahimmanci
established,kafa
esteem,daraja
esthetic,na roba
ethics,xa'a
evergreen,har abada
evident,bayyananne
evolution,juyin halitta
exchange,musayar
excitable,m
excitation,zumudi
exemption,keɓancewa
exhort,yi wa'azi
exhortation,gargaɗi
existence,wanzuwar
exotic,m
expect,jira
expectation,tsammanin
expedient,m
expedition,balaguro
experienced,gogaggu
expert,gwani
expertise,gwaninta
explain,bayyana
extensive,m
extra,karin
extricate,fitar
facts,gaskiya
faculty,baiwa
fain,fain
familiar,saba
familiarity,saba
favoritism,son zuciya
feature,sifa
fellow,aboki
fellowship,zumunci
female,mace
festival,biki
fete,kafa
fiesta,fiesta
finally,a ƙarshe
finery,kayan ado
finesse,finesse
fireball,kwallon wuta
fireproof,wuta
firmness,ƙarfi
firstborn,ɗan fari
fitting,dacewa
fixture,tsayarwa
fleet,rundunar jiragen ruwa
flirt,kwarkwasa
floral,na fure
flow,kwarara
flowery,furanni
flush,ja ruwa
flying,tashi
focus,mayar da hankali
food,abinci
football,kwallon kafa
forbearance,haƙuri
fore,gaba
forefathers,magabata
foregoing,baya
foreman,shugaba
forerunner,magabaci
foresee,hango
foreseen,hangen nesa
forge,ƙirƙira
forgiven,gafarta
formative,m
formula,dabara
forte,karfi
forthcoming,mai zuwa
fortify,ƙarfafa
fortress,sansanin soja
forward,gaba
found,samu
foundation,tushe
frank,m
frankness,faɗin gaskiya
fraternal,yan'uwan juna
freely,da yardar kaina
friend,aboki
friendship,abota
full,cika
fully,cikakke
fundamental,na asali
fuse,fis
fusion,haɗuwa
garden,lambu
garnet,garnet
garrison,gardi
gazette,gazette
gear,kaya
general,janar
genteel,gantali
gentleman,mutum
gentleness,tawali'u
gentry,mutunci
geranium,geranium
gigantic,babba
giggle,yi dariya
girder,girder
giving,bayarwa
glide,glide
glittering,kyalli
glorification,tasbihi
gloss,mai sheki
godly,mai ibada
goods,kaya
gospel,bishara
govern,mulki
graduation,kammala karatu
grandchildren,jikoki
grandmother,kaka
green,kore
gregarious,gaisuwa
grist,grist
grit,grit
groundwork,aikin ƙasa
grow,girma
guard,mai gadi
guardian,mai kula
guardianship,rikon amana
gubernatorial,gwamna
guide,jagora
guidebook,littafin jagora
guru,guru
guts,gutsure
gymnast,mai wasan motsa jiki
habitat,mazauni
harvest,girbi
haven,mafaka
healing,waraka
hearth,murhu
heavens,sammai
hedonism,hedonism
heft,heft
helmet,kwalkwali
helper,mataimaki
herbal,ganye
heroics,jarumtaka
heroism,jarumtaka
heyday,rana
highest,mafi girma
hilarity,walwala
hire,haya
hobby,abin sha'awa
holiday,biki
holiness,tsarki
homology,homology
honey,zuma
honeymoon,gudun amarci
horizon,sararin sama
hospitality,liyãfa
household,gida
housekeeping,aikin gida
humanitarian,agaji
humanity,bil'adama
humbled,kaskantar da kai
humbly,da tawali'u
humorist,mai barkwanci
husbandry,aikin gona
hush,yi shiru
hut,bukka
hygienic,tsafta
hymn,waƙar yabo
idealism,manufa
illumination,haske
illustrate,kwatanta
immediately,nan da nan
immerse,nutse
immovable,maras motsi
impart,ba da
impervious,m
impression,ra'ayi
improvise,inganta
inalienable,wanda ba a iya raba shi
inauguration,kaddamarwa
incisive,m
include,hada da
included,hada da
including,hada da
inclusive,kunshi
income,samun kudin shiga
indelible,wanda ba ya karewa
indemnity,diyya
independence,'yancin kai
individuality,daidaici
indomitable,wanda ba zai iya jurewa ba
ineffable,wanda ba zai yiwu ba
infant,jariri
infiltration,kutsawa
infinite,mara iyaka
infinity,rashin iyaka
influence,tasiri
information,bayanai
inheritance,gado
inimitable,m
innocence,rashin laifi
innocent,marar laifi
innocently,marar laifi
inquirer,mai tambaya
inquiry,bincike
inseparable,wanda baya rabuwa
insignia,alama
inspector,sufeto
instinctive,ilhami
instruct,koyar
instruction,koyarwa
instructor,malami
insure,inshora
intellect,hankali
intellectual,mai hankali
intended,nufi
intercourse,saduwa
interior,ciki
interlocutory,masu hulda da juna
interlude,interlude
interminable,m
intervention,tsoma baki
intonation,karin magana
intrepid,mara tsoro
intuition,ilhami
invariably,akai -akai
inventor,mai ƙirƙira
investigate,bincika
invitation,gayyata
iron,baƙin ƙarfe
irreducible,wanda ba zai iya ragewa ba
irrefutable,wanda babu makawa
jackpot,jackpot
jam,jam
jest,barkwanci
job,aiki
joined,shiga
joker,joker
joking,wasa
journalist,ɗan jarida
journey,tafiya
jubilee,jubili
judicial,shari'a
jump,tsalle
justifiable,mai gaskiya
justification,gaskatawa
keepsake,kiyayewa
ken,ken
keynote,muhimmin batu
keystone,ginshiƙi
kindred,dangi
king,sarki
kitten,yar kyanwa
knack,gwaninta
knight,jarumi
knowing,sani
knowledge,ilmi
labor,aiki
lace,yadin da aka saka
lamb,dan tunkiya
land,ƙasa
landed,sauka
laser,Laser
laughter,dariya
launch,ƙaddamar
laureate,mai lambar yabo
laurel,laurel
laurels,laurel
leader,shugaba
league,league
learn,koyi
learning,ilmantarwa
lecturer,malami
leeway,leeway
legalized,halatta
legibility,halacci
legible,mai iya karantawa
leisure,dama
leisurely,cikin nishaɗi
lemma,lema
lesson,darasi
lettered,wasika
level,matakin
liberal,mai sassaucin ra'ayi
library,ɗakin karatu
lifeblood,jinin rai
lighthouse,hasumiya
linguist,masanin harshe
lion,zaki
lithe,lithe
longevity,tsawon rai
lord,ubangiji
lordship,ubangiji
lovemaking,soyayya
luscious,m
lyre,waka
magnet,maganadisu
magnetism,magnetism
magnetite,magnetite
maiden,budurwa
main,babba
mainstay,ginshiƙi
major,babba
majority,rinjaye
manage,sarrafa
management,gudanarwa
mandarin,mandarin
manhood,namiji
manifested,bayyana
manly,namiji
manna,manna
mannered,ladabi
manners,halaye
manufacturer,masana'anta
march,tafiya
marked,alama
marketable,mai kasuwa
marquis,marci
marriage,aure
marrow,bargo
marry,aure
marshal,marshal
masculine,namiji
massage,tausa
mate,aboki
maternal,na uwa
matrimony,aure
matron,matron
maximum,matsakaicin
mayor,magajin gari
meadow,makiyaya
measured,auna
mediate,matsakaici
mediation,matsakaici
mediator,matsakanci
medical,likita
meditate,yin zuzzurfan tunani
mediterranean,mediterranean
medley,medley
memento,abin tunawa
mending,gyarawa
menses,haila
mentor,mai jagoranci
merge,hade
metropolitan,babban birni
mettle,mettle
microscopy,madubin dubawa
midwife,ungozoma
midwifery,ungozoma
mime,mime
mindful,m
mindfulness,hankali
ministry,hidima
missionary,mishan
model,samfurin
moderate,matsakaici
moderator,mai daidaitawa
momentum,ƙarfin hali
monetary,kudi
money,kudi
monk,sufi
monument,abin tunawa
moral,halin kirki
morals,dabi'u
mortar,turmi
mother,uwa
motherhood,uwa
motive,dalili
movable,m
mover,mai motsawa
mug,mug
muscular,tsoka
music,kiɗa
musical,m
mutable,mutable
mutual,juna
nap,kwanta
naturalist,masanin halitta
nectar,ruwan zuma
needle,allura
negotiate,tattauna
negotiator,mai sasantawa
neighbor,makwabci
nerve,jijiya
nestle,gida
nobility,daraja
nobleman,mai martaba
nomination,gabatarwa
normality,daidaituwa
notable,sananne
notables,mashahuran
noted,lura
notion,ra'ayi
notoriety,sananne
numbers,lambobi
nurse,m
nursery,gandun daji
nurture,tarbiyya
nutritious,mai gina jiki
oak,itacen oak
oath,rantsuwa
obedience,biyayya
objective,haƙiƙa
obliging,wajibi
observant,mai lura
obvious,bayyananne
occupant,mai zama
occupation,sana'a
occupy,mamaye
offer,tayin
officer,jami'in
offset,biya diyya
offshoot,kashewa
omnipotence,madaukaki
omniscient,masani
opera,wasan opera
opportune,dace
optimist,mai kyakkyawan fata
option,zaɓi
optional,na tilas
oracle,magana
oration,oration
orchestra,makada
ordained,kaddara
ordination,nadawa
organic,kwayoyin halitta
organization,kungiya
organize,shirya
organized,shirya
orgasm,inzali
ornamented,ado
ornate,ado
outburst,fita waje
outcome,sakamako
outward,waje
overwhelming,rinjaye
ownership,mallaka
pacific,pacific
pad,kushin
padding,padding
paddle,filafili
palatable,mai daɗi
palliative,palliative
panacea,panacea
panache,damuwa
panier,panier
paprika,paprika
parade,fareti
paragon,paragon
paraphrase,fasara
parentage,iyaye
parietal,parietal
partake,ci
participation,sa hannu
partner,abokin tarayya
partnership,haɗin gwiwa
pastime,abin shagala
pastor,fasto
pastry,irin kek
pasture,makiyaya
patent,patent
patriarchal,uban iyali
patron,majiɓinci
patronage,goyon baya
pay,biya
peacock,dawisu
peck,peck
peculiarity,peculiarity
pedigree,zuriya
penchant,marubuci
perceive,gane
perceptible,m
perennial,m
performer,mai wasan kwaikwayo
perk,riba
permission,izni
perpetuity,dawwama
persistence,dagewa
persistent,m
personable,mutum
pertinent,dacewa
petroleum,man fetur
pharmaceutical,magunguna
philanthropist,mai taimako
philanthropy,kyautatawa
philosopher,falsafa
phoenix,phoenix
phonetic,sautin
physician,likita
physics,kimiyyar lissafi
physiology,ilimin lissafi
physique,jiki
pick,karba
picnic,wasan kwaikwayo
pill,kwaya
pillow,matashin kai
pilot,matukin jirgi
pioneer,majagaba
pious,ibada
pith,pith
pivot,pivot
placid,placid
planning,shiryawa
playground,filin wasa
playhouse,gidan wasa
pledge,jingina
plenary,taro
plexus,plexus
plum,plum
plumb,marmaro
ply,tara
pointedly,a hankali
police,'yan sanda
policeman,dan sanda
polish,goge
politic,siyasa
pool,tafki
pope,shugaban Kirista
popularity,shahara
popularized,sananne
population,yawan jama'a
possess,mallaka
potable,mai iyawa
potency,iko
practice,yi
practiced,aikatawa
practise,yi
precaution,kiyayewa
precede,gaba
precedence,fifiko
precision,daidaici
predilection,predilection
predominant,rinjaye
premises,wuri
prepare,shirya
prescient,m
presence,kasancewar
present,gabatar
presentable,mai gabatarwa
presentment,gabatarwa
preservative,mai kiyayewa
preserve,tsare
president,shugaban kasa
presto,presto
prevail,rinjaye
prevention,rigakafi
priest,firist
priesthood,firist
priestly,firist
primacy,fifiko
primary,na farko
prime,Firayim
primer,firamare
prince,yarima
princely,yarima
princess,gimbiya
principal,babba
pristine,mara kyau
probity,kusanci
procedure,hanya
procession,jerin gwano
proctor,proctor
procure,saya
prodigal,mazinaci
producer,furodusa
producing,samarwa
production,samarwa
productivity,yawan aiki
profession,sana'a
professional,ƙwararre
professor,farfesa
proficiency,ƙwarewa
progression,ci gaba
prominently,sananne
promotion,gabatarwa
prop,prop
prophet,annabi
prophylactic,prophylactic
proposition,shawara
protecting,karewa
protector,majiɓinci
prove,tabbatar
proverbial,karin magana
provide,ba da
providing,bayarwa
psalm,zabura
public,jama'a
pull,ja
pulpit,minbari
punctuality,akan lokaci
puppy,kwikwiyo
purely,zalla
purification,tsarkakewa
purist,purist
purity,tsarki
purr,purr
qualifying,cancanta
quest,nema
question,tambaya
quickness,sauri
quiescent,quiescent
quinine,quinine
quote,faɗi
radiate,haskaka
radio,rediyo
rave,rave
reader,mai karatu
readiness,shiri
reading,karatu
real,haqiqa
reason,dalili
rebate,ragi
recast,sake maimaitawa
received,samu
receiving,karba
recherche,recherche
reciprocate,rama
reclamation,sakewa
recline,kwanciya
recognizable,mai ganewa
reconsideration,sake tunani
reconstruct,sake ginawa
reconstruction,sake ginawa
recorder,mai rikodin
recoup,farfadowa
recreation,nishaɗi
recreational,na nishaɗi
redress,gyarawa
reformation,gyarawa
reformer,mai kawo gyara
refurbish,sabuntawa
regent,mai mulkin
regressive,koma baya
regularity,akai -akai
regulate,daidaita
rehabilitate,gyara
rehabilitation,gyarawa
reimburse,sake biya
reimbursement,sake biya
reinforcement,ƙarfafawa
reinstate,sake dawowa
rekindle,sake farfadowa
relaxation,shakatawa
relevant,dacewa
reliability,aminci
reliance,dogaro
remains,ya rage
remake,sake gyara
remodel,gyara
render,bayar
renewal,sabuntawa
renovate,gyara
renovation,sabuntawa
reorganize,sake tsarawa
reparation,ramawa
repay,biya
repent,tuba
replenish,sake cika
replete,cika
reporter,labaru
repose,hutawa
represented,wakilci
reproductive,haihuwa
reserve,ajiye
resident,mazaunin
resistive,m
resolutely,ƙuduri
resources,albarkatun
respectability,girmamawa
respecting,girmamawa
respects,girmamawa
rest,huta
restitution,ramuwa
restorative,mai gyarawa
restraint,kamewa
resumption,ci gaba
retention,riƙewa
retirement,ritaya
reunion,haduwa
revels,revels
reverend,girmama
reverie,girmama
revise,bita
revolution,juyin juya hali
rhythm,kari
rhythmical,rhythmical
ribbon,kintinkiri
rider,mahayi
ripe,cikakke
ripen,cikakke
rising,tashi
riveting,riveting
roadster,dan hanya
rock,dutse
rod,sanda
rollicking,mirginawa
romanticism,romanticism
romp,romp
rooted,kafe
rota,rota
routine,na yau da kullun
royalty,sarauta
rubric,rubric
ruth,ruth
safeguard,tsare
sage,mai hikima
salary,albashi
salvation,ceto
salve,tsira
samurai,samurai
sanctification,tsarkakewa
sanctify,tsarkake
sanctuary,Wuri Mai Tsarki
sanguine,sanguine
sanitary,tsafta
satin,satin
savor,dandano
savory,mai dadi
scarecrow,tsorata
scholar,masani
scholarship,malanta
scientific,kimiyya
scientist,masanin kimiyya
scintilla,scintilla
score,Ci
scribe,marubuci
script,rubutun
scrumptious,m
sculpture,sassaka
sea,teku
seal,hatimi
seclusion,warewa
secretariat,sakatariya
seniority,babba
sense,hankali
sensibility,hankali
sensual,sha'awa
sensuality,lalata
sensuous,sha'awa
sentimental,m
sentimentality,motsin rai
sentinel,mai aikawa
sermon,huduba
serum,magani
settlor,mazaunin
sex,jima'i
shape,siffar
shapely,fasali
shelter,mafaka
shepherd,makiyayi
shining,haske
shopping,cin kasuwa
shoulder,kafada
shrewd,mai hankali
silk,siliki
sing,raira waƙa
singly,na kadaici
sir,sir
sisterhood,'yar'uwa
sky,sama
slate,zamewa
slender,siriri
slim,siriri
smoothness,santsi
snicker,snicker
sobriety,sobriety
soldier,soja
solidity,ƙarfi
solvency,solvency
sonar,sonar
sonata,sonata
sonnet,sonnet
sonorous,sonci
sorter,sihiri
soup,miya
spa,wurin dima jiki
spaniel,spaniel
special,na musamman
specie,musamman
spectacle,kallo
speech,magana
spelling,haruffa
spice,yaji
spine,kashin baya
spirits,ruhohi
sponsor,mai tallafawa
spouse,mata
spruce,spruce
staccato,staccato
stallion,jarumi
stalwart,tsayayye
standing,a tsaye
star,tauraro
starlight,hasken tauraro
starry,taurari
statement,sanarwa
statue,mutum -mutumi
status,matsayi
sterling,Sterling
steward,wakili
stillness,kwanciyar hankali
store,shago
strategic,dabaru
strategist,mai dabaru
strongly,karfi
structure,tsari
stud,ingarma
study,karatu
sublimation,sublimation
substance,abu
succinct,a taƙaice
succulent,mai nasara
sufficiency,wadata
sugar,sukari
sultry,sultry
sun,rana
sunny,rana
sunset,faɗuwar rana
superhuman,mutum
superman,babban mutum
superstar,tauraro
superstition,camfi
supplication,addu'a
supplies,kayayyaki
supply,wadata
surety,lamuni
surmise,zato
surpassing,wucewa
surprise,mamaki
surround,kewaye
surveying,binciken
survive,tsira
swear,rantsuwa
sweetie,zaki
sweets,Sweets
swim,iyo
symbolic,na alama
symmetrical,mai daidaitawa
symmetry,daidaitawa
symphony,waƙa
synchronize,aiki tare
synergistic,synergistic
synod,majalisar dattawan
synonymous,ma'ana
tact,dabara
tale,labari
talisman,talisman
talk,magana
tanned,tanned
task,aiki
tasteful,m
tasty,dadi
teach,koyar
teacher,malami
technology,fasaha
teens,matasa
temperance,hali
tempered,fushi
tenable,iyawa
tenancy,haya
tenant,mai haya
tenderness,taushi
thanksgiving,godiya
theoretical,ka'idar
therapeutic,warkewa
therapeutics,magunguna
thinker,mai tunani
thoroughbred,zuriya
throne,kursiyin
tiling,tiling
tinsel,tinsel
title,take
toast,gasa
toleration,juriya
toughness,tauri
tower,hasumiya
towering,tsayi
traditional,na gargajiya
transcendence,wuce gona da iri
transcendental,mai wuce gona da iri
traveling,tafiya
treat,bi da
tree,itace
trend,yanayin
tributary,na haraji
tribute,haraji
trig,jawo
truce,tsagaita wuta
truth,gaskiya
tutelage,tarbiyya
tutor,malami
twin,tagwaye
twinkle,walƙiya
ultimately,ƙarshe
umpire,alƙali
unanimity,hadin kai
unanimous,baki ɗaya
unassuming,rashin girman kai
unbeaten,rashin nasara
unbreakable,wanda ba zai karye ba
unbridled,mara tsari
unbroken,ba a karye ba
unconstrained,ba a tsare ba
underline,ja layi
understanding,fahimta
underwrite,sake rubutawa
undivided,ba a raba ba
undying,m
unexpected,m
unfold,bayyana
unification,haɗin kai
uniformly,daidai
unimaginable,wanda ba a iya misaltawa
uninfected,wanda bai kamu ba
unique,na musamman
unison,unison
unitary,naúrar
university,jami'a
unpretentious,mara ma'ana
unquestioned,babu tambaya
unscathed,wanda bai tsira ba
unsurpassed,mara kyau
untie,kwance
uphill,tudu
upright,a mike
usher,usher
usual,saba
utility,mai amfani
utopian,utopian
vacation,hutu
vaccine,allurar rigakafi
vanguard,tsare
vanquish,cin nasara
velvet,karammiski
velvety,velvety
venerable,mai daraja
veneration,girmamawa
veracity,gaskiya
verdant,verdant
verification,tabbatarwa
verified,tabbatar
verily,hakika
vernal,harshe
verve,tabbata
veteran,tsohon soja
vicar,vicar
victor,mai nasara
vigor,ƙarfi
vigorous,karfi
villager,ƙauyen
vindication,tabbatarwa
virgin,budurwa
virginity,budurci
visit,ziyarci
visitor,baƙo
vital,m
vocabulary,ƙamus
volunteer,mai sa kai
voluptuous,son rai
vote,jefa ƙuri'a
vow,alwashi
wages,albashi
warranty,garanti
warrior,jarumi
watchdog,mai tsaro
watchful,m
watchman,mai tsaro
waterproof,mai hana ruwa
weatherproof,mai hana ruwa
weight,nauyi
white,fari
whiteness,fari
wicket,wicket
widespread,yaduwa
winnings,cin nasara
wireless,mara waya
wis,hikima
wit,sani
withstand,tsayayya
wits,wits
wizard,mayen
womb,ciki
word,kalma
working,aiki
worship,ibada
wot,wot
writer,marubuci
young,matashi
younger,ƙarami
youth,matasa
