translatedText,text
awọn agbara,abilities
agbara,ability
ninu ọkọ,aboard
dariji,absolve
imukuro,absolved
idariji,absolves
imukuro,absolving
gba,absorbed
gba,accept
gba,accepted
gbigba,accepting
gba,accepts
ṣaṣepari,accomplish
ti pari,accomplished
ṣe aṣeyọri,accomplishes
iyọrisi,achievable
idasilẹ,acquit
awọn idasilẹ,acquits
idasilẹ,acquitted
idasile,acquitting
ti nṣiṣe lọwọ,active
deedee,adequate
ẹwà,admire
ṣe itẹwọgba,admired
admires,admires
iwunilori,admiring
gba,adopt
adopts,adopts
joniloju,adorable
fẹran,adore
fẹran,adored
fẹran,adores
to ti ni ilọsiwaju,advanced
anfani,advantage
awọn anfani,advantages
ìrìn,adventure
seresere,adventures
ìrìn,adventurous
ìfẹni,affection
olufẹ,affectionate
agog,agog
gba,agree
gba,agreeable
gba,agreed
adehun,agreement
gba,agrees
laaye,alive
gba laaye,allow
iyalẹnu,amaze
yà,amazed
iyalẹnu,amazes
iyanu,amazing
ifẹkufẹ,ambitious
iṣere,amuse
moriwu,amused
iṣere,amusement
amusements,amusements
ifojusona,anticipation
tù,appease
tù,appeased
tù,appeases
tenilorun,appeasing
iyin,applaud
iyin,applauded
iyin,applauding
iyin,applauds
iyin,applause
riri,appreciate
abẹ,appreciated
mọrírì,appreciates
mọrírì,appreciating
riri,appreciation
alakosile,approval
fọwọsi,approved
fọwọsi,approves
olufokansin,ardent
dukia,asset
ìní,assets
iyalẹnu,astonished
iyalẹnu,astound
iyalẹnu,astounded
iyalẹnu,astounding
iyalẹnu,astoundingly
iyalẹnu,astounds
fa,attract
ni ifamọra,attracted
fifamọra,attracting
ifamọra,attraction
ifalọkan,attractions
attracts,attracts
igboya,audacious
aṣẹ,authority
gbadun,avid
eye,award
fun un,awarded
awọn ẹbun,awards
oniyi,awesome
lona,backed
atilẹyin,backing
awọn ẹhin,backs
idunadura,bargain
lilu,beatific
awọn ẹwa,beauties
lẹwa,beautiful
ẹwà,beautifully
ṣe ẹwà,beautify
olufẹ,beloved
anfani,benefit
anfani,benefits
anfaani,benefitted
anfaani,benefitting
ti o dara julọ,best
dara julọ,better
nla,big
bukun,bless
bukun,blesses
ibukun,blessing
idunnu,bliss
alaafia,blissful
blithe,blithe
ohun amorindun,blockbuster
igboya,bold
igboya,boldly
igbelaruge,boost
gbega,boosted
igbelaruge,boosting
boosts,boosts
akọni,brave
awaridii,breakthrough
yanilenu,breathtaking
imọlẹ,bright
tan imọlẹ julọ,brightest
imọlẹ,brightness
o wu,brilliant
brisk,brisk
gbongbo,buoyant
tunu,calm
tunu,calmed
tunu,calming
tunu,calms
lagbara,capable
captivated,captivated
itọju,care
aibikita,carefree
ṣọra,careful
fara,carefully
bikita,cares
ayeye,celebrate
ṣe ayẹyẹ,celebrated
ṣe ayẹyẹ,celebrates
ayẹyẹ,celebrating
daju,certain
anfani,chance
Iseese,chances
ifaya,charm
pele,charming
idunnu,cheer
yọ,cheered
idunnu,cheerful
níṣìírí,cheering
idunnu,cheers
idunnu,cheery
nifẹẹ,cherish
nifẹẹ,cherished
fẹràn,cherishes
cherishing,cherishing
yara,chic
clarifies,clarifies
wípé,clarity
didara,classy
mimọ,clean
regede,cleaner
ko o,clear
nso,cleared
kedere,clearly
nso,clears
onilàkaye,clever
awada,comedy
itunu,comfort
itura,comfortable
itunu,comforting
awọn itunu,comforts
gbóríyìn,commend
gbóríyìn fún,commended
dá,commit
ifaramo,commitment
dá,commits
ṣe,committed
dá,committing
aanu,compassionate
fi agbara mu,compelled
tóótun,competent
ifigagbaga,competitive
okeerẹ,comprehensive
laja,conciliate
gbìyànjú,conciliated
conciliates,conciliates
gbìyànjú,conciliating
igbekele,confidence
igboya,confident
oriire,congrats
ku oriire,congratulate
oriire,congratulation
oriire,congratulations
igbanilaaye,consent
awọn ipinnu,consents
itunu,consolable
parowa,convince
ni idaniloju,convinced
idaniloju,convinces
convivial,convivial
itura,cool
itura nkan na,cool stuff
igboya,courage
onígboyà,courageous
oninuure,courteous
iteriba,courtesy
ifọkanbalẹ,coziness
àtinúdá,creative
iyanilenu,curious
wuyi,cute
daredevil,daredevil
igboya,daring
dauntless,dauntless
ọwọn,dear
ololufe,dearly
debonair,debonair
ipinnu,decisive
ifiṣootọ,dedicated
olugbeja,defender
defenders,defenders
igbadun,delight
Inudidun,delighted
igbadun,delighting
dùn,delights
wuni,desirable
ifẹ,desire
fẹ,desired
ifẹ,desirous
pinnu,determined
ti yasọtọ,devoted
okuta iyebiye,diamond
ala,dream
awọn ala,dreams
ni itara,eager
tọkàntọkàn,earnest
irorun,ease
rọrun,easy
inu didun,ecstatic
doko,effective
fe ni,effectively
yọ,elated
elation,elation
yangan,elegant
ẹwa,elegantly
gbá mọ́ra,embrace
oníyọ̀ọ́nú,empathetic
enchanted,enchanted
iwuri fun,encourage
iwuri,encouraged
iwuri,encouragement
iwuri,encourages
fọwọsi,endorse
ti fọwọsi,endorsed
ifọwọsi,endorsement
atilẹyin,endorses
funnilokun,energetic
olukoni,engage
olukoni,engages
engrossed,engrossed
gbadun,enjoy
igbadun,enjoying
gbadun,enjoys
tan imọlẹ,enlighten
tan imọlẹ,enlightened
nmọlẹ,enlightening
nmọlẹ,enlightens
ìyapa,enrapture
rii daju,ensure
aridaju,ensuring
iṣẹ -ṣiṣe,enterprising
idanilaraya,entertaining
iwunilori,enthral
lakitiyan,enthusiastic
ẹtọ,entitled
le,entrusted
kasi,esteemed
iwa,ethical
euphoria,euphoria
euphoric,euphoric
binu,exasperated
iperegede,excellence
o tayọ,excellent
ṣojulọyin,excite
yiya,excited
simi,excitement
moriwu,exciting
iyasoto,exclusive
igbadun,exhilarated
exhilarates,exhilarates
igbadun,exhilarating
dá ẹjọ́,exonerate
alailẹṣẹ,exonerated
exonerates,exonerates
imukuro,exonerating
faagun,expand
gbooro sii,expands
iwakiri,exploration
explorations,explorations
faagun,extend
gbooro sii,extends
alayọ,exuberant
ayọ,exultant
pẹlu ayọ,exultantly
gbayi,fabulous
itẹ,fair
igbagbọ,faith
olóòótọ,faithful
loruko,fame
ololufẹ,fan
ikọja,fantastic
fanimọra,fascinate
fanimọra,fascinated
fascinates,fascinates
fanimọra,fascinating
ojurere,favor
ojurere,favored
ayanfẹ,favorite
ayanfẹ,favorited
awọn ayanfẹ,favorites
ojurere,favors
laifoya,fearless
rilara,feeling
tọkàntọkàn,fervent
alagidi,fervid
ajọdun,festive
itanran,fine
dada,fit
amọdaju,fitness
asia,flagship
lojutu,focused
iferan,fond
ifẹkufẹ,fondness
dariji,forgive
idariji,forgiving
orire,fortunate
ofe,free
ominira,freedom
alabapade,fresh
ore,friendly
frisky,frisky
ftw,ftw
mu ṣẹ,fulfill
ṣẹ,fulfilled
ṣẹ,fulfills
fun,fun
funky,funky
awada,funnier
awada,funny
asan,futile
jèrè,gain
jèrè,gained
nini,gaining
awọn ere,gains
gallant,gallant
gallantly,gallantly
gallantry,gallantry
oninurere,generous
genial,genial
ebun,gift
dun,glad
didan,glamorous
ẹwa,glamourous
ayo,glee
igbadun,gleeful
ologo,glorious
ogo,glory
ọlọrun,god
oriṣa,godsend
o dara,good
ire,goodness
oore,grace
oore -ofe,gracious
nla,grand
fifunni,grant
funni,granted
fifunni,granting
igbeowosile,grants
dupe,grateful
itelorun,gratification
nla,great
tobi,greater
ti o tobi julọ,greatest
kí,greet
kí,greeted
ikini,greeting
ikini,greetings
kí,greets
dagba,growing
Idagba,growth
lopolopo,guarantee
ha,ha
haha,haha
hahaha,hahaha
hahahah,hahahah
yinyin,hail
hailed,hailed
idunu,happiness
dun,happy
lile,hardier
lile,hardy
haunting,haunting
ni ilera,healthy
tọkàntọkàn,heartfelt
orun,heaven
ọrun,heavenly
Egba Mi O,help
wulo,helpful
ran,helping
iranlọwọ,helps
akoni,hero
akọni,heroes
akọni,heroic
saami,highlight
panilerin,hilarious
ooto,honest
ọlá,honor
lola,honored
ọlá,honoring
ọlá,honour
lola,honoured
ọlá,honouring
ireti,hope
ireti,hopeful
nireti,hopefully
ireti,hopes
nireti,hoping
famọra,hug
tobi,huge
famọra,hugs
humerous,humerous
arin takiti,humor
awada,humorous
arin takiti,humour
humourous,humourous
hurray,hurrah
aiku,immortal
ajesara,immune
pataki,importance
pataki,important
iwunilori,impress
iwunilori,impressed
iwunilori,impresses
ìkan,impressive
mu dara,improve
dara si,improved
ilọsiwaju,improvement
awọn ilọsiwaju,improves
imudarasi,improving
alekun,increase
pọ si,increased
aidibajẹ,indestructible
ìfẹ́kúfẹ̀ẹ́,infatuated
ìfẹ́kúfẹ̀ẹ́,infatuation
gbajugbaja,influential
imotuntun,innovate
innovates,innovates
àtinúdá,innovation
aseyori,innovative
awadi,inquisitive
awokose,inspiration
lokun,inspirational
imisi,inspire
imisi,inspired
iwuri,inspires
imoriya,inspiring
mule,intact
iyege,integrity
ọlọgbọn,intelligent
kikankikan,intense
anfani,interest
nife,interested
awon,interesting
nifesi,interests
intricate,intricate
intrigues,intrigues
aidibajẹ,invincible
pe,invite
pípe,inviting
alailagbara,invulnerable
alailagbara,irresistible
alaigbọran,irresponsible
oore,jaunty
jesu,jesus
ohun iyebiye,jewel
ohun iyebiye,jewels
jocular,jocular
darapo,join
awada,joke
awada,jokes
jolly,jolly
jovial,jovial
ayo,joy
ayo,joyful
pelu ayo,joyfully
ayo,joyous
jubilant,jubilant
idajọ,justice
lare,justifiably
lare,justified
itara,keen
oninuure,kind
oninuure,kinder
fẹnuko,kiss
kudos,kudos
enikeji,landmark
rerin,laugh
rerin,laughed
nrerin,laughing
rẹrin,laughs
nrerin,laughting
se igbekale,launched
ofin,lawl
ofin,legal
labẹ ofin,legally
alaanu,lenient
igbala,lifesaver
oninuure,lighthearted
fẹran,like
feran,liked
fẹran,likes
iwunlere,lively
mo,lmao
lmfao,lmfao
lol,lol
ololufẹ,lovable
ife,love
feran,loved
awọn ololufẹ,lovelies
ẹlẹwà,lovely
ife,loving
adúróṣinṣin,loyal
iṣootọ,loyalty
orire,luck
Oriire,luckily
orire,lucky
iyanu,marvel
iyanu,marvelous
awọn iyanu,marvels
aṣetan,masterpiece
aṣetan,masterpieces
ọrọ,matter
awọn nkan,matters
ogbo,mature
ti o nilari,meaningful
medal,medal
iṣaroye,meditative
aanu,mercy
ariya,merry
ọna,methodical
iyanu,miracle
ayọ,mirth
alarinrin,mirthful
pelu idunnu,mirthfully
ru,motivate
qkan,motivated
iwuri,motivating
iwuri,motivation
adayeba,natural
o dara,nice
nifty,nifty
ọlọla,noble
aramada,novel
ifẹ afẹju,obsessed
oks,oks
buburu,ominous
lẹẹkan-ni-igbesi aye,once-in-a-lifetime
awọn anfani,opportunities
anfani,opportunity
ireti,optimism
ireti,optimistic
ijade,outreach
dayato,outstanding
ayọ pupọ,overjoyed
paradise,paradise
idariji,pardon
dariji,pardoned
idariji,pardoning
idariji,pardons
kepe,passionate
alafia,peace
alaafia,peaceful
ni alaafia,peacefully
pipe,perfect
pé,perfected
daradara,perfectly
pipe,perfects
alaworan,picturesque
elere,playful
dídùn,pleasant
Jowo,please
dùn,pleased
igbadun,pleasure
gbajumo,popular
rere,positive
daadaa,positively
alagbara,powerful
iyin,praise
iyin,praised
iyin,praises
iyin,praising
gbadura,pray
gbigbadura,praying
gbadura,prays
gbaradi,prepared
lẹwa,pretty
anfaani,privileged
ṣakoso,proactive
itesiwaju,progress
oguna,prominent
ileri,promise
ileri,promised
awọn ileri,promises
se igbelaruge,promote
igbega,promoted
nse igbelaruge,promotes
igbega,promoting
afojusọna,prospect
asesewa,prospects
aisiki,prosperous
dáàbò bò,protect
ni idaabobo,protected
ndaabobo,protects
igberaga,proud
igberaga,proudly
igbasoke,rapture
raptured,raptured
igbasoke,raptures
rapturous,rapturous
ti fọwọsi,ratified
de ọdọ,reach
de ọdọ,reached
de ọdọ,reaches
nínàgà,reaching
idaniloju,reassure
ni idaniloju,reassured
awọn idaniloju,reassures
idaniloju,reassuring
so,recommend
niyanju,recommended
ṣe iṣeduro,recommends
irapada,redeemed
yọ,rejoice
yọ,rejoiced
yọ,rejoices
yọ,rejoicing
ni ihuwasi,relaxed
ti o gbẹkẹle,reliant
ran lọwọ,relieve
tu,relieved
relieves,relieves
iderun,relieving
inu didun,relishing
o lapẹẹrẹ,remarkable
igbala,rescue
gbà,rescued
awọn igbala,rescues
ipinnu,resolute
yanju,resolve
yanju,resolved
pinnu,resolves
ipinnu,resolving
bọwọ fun,respected
lodidi,responsible
idahun,responsive
simi,restful
mu pada,restore
pada,restored
restores,restores
mimu -pada sipo,restoring
kasi,revered
sọji,revive
sọji,revives
ère,reward
san nyi,rewarded
funlebun,rewarding
awọn ere,rewards
ọlọrọ,rich
itọsọna ọtun,right direction
lile,rigorous
lile,rigorously
logan,robust
rofl,rofl
roflcopter,roflcopter
roflmao,roflmao
fifehan,romance
rotfl,rotfl
rotflmfao,rotflmfao
rotflol,rotflol
lailewu,safe
lailewu,safely
ailewu,safety
salient,salient
itelorun,satisfied
fipamọ,save
ti o ti fipamọ,saved
ofofo,scoop
ni aabo,secure
ni ifipamo,secured
ni aabo,secures
igbẹkẹle ara ẹni,self-confident
alaafia,serene
ni gbese,sexy
pin,share
pín,shared
mọlẹbi,shares
lami,significance
pataki,significant
lododo,sincere
tọkàntọkàn,sincerely
tọkàntọkàn,sincerest
ododo,sincerity
ologbon,slick
alagidi,slicker
ege julọ,slickest
ọlọgbọn,smart
ijafafa,smarter
ọlọgbọn julọ,smartest
rẹrin musẹ,smile
rẹrin musẹ,smiled
rẹrin musẹ,smiles
rerin musẹ,smiling
sobering,sobering
ri to,solid
iṣọkan,solidarity
ojutu,solution
solusan,solutions
yanju,solve
yanju,solved
yanju,solves
lohun,solving
tù,soothe
farabale,soothed
itutu,soothing
fafa,sophisticated
sipaki,spark
danu,sparkle
tàn,sparkles
danmeremere,sparkling
emi,spirit
ẹmi,spirited
ẹlẹwa,splendid
daradara,sprightly
idurosinsin,stable
ìfaradà,stamina
ṣinṣin,steadfast
lowo,stimulate
ji,stimulated
stimulates,stimulates
safikun,stimulating
alagbara,stout
Taara,straight
agbara,strength
teramo,strengthen
lókun,strengthened
okun,strengthening
arawa,strengthens
lagbara,strong
ni okun sii,stronger
alagbara julọ,strongest
yanilenu,stunning
suave,suave
idaran,substantial
ni pataki,substantially
aseyori,success
aseyori,successful
oorun,sunshine
nla,super
to dara julọ,superb
ti o ga julọ,superior
atilẹyin,support
atilẹyin,supported
alatilẹyin,supporter
alatilẹyin,supporters
atilẹyin,supporting
atilẹyin,supportive
atilẹyin,supports
ye,survived
yè,surviving
iyokù,survivor
dun,sweet
yiyara,swift
yiyara,swiftly
alaanu,sympathetic
aanu,sympathy
tutu,tender
lasan,terrific
dúpẹ lọwọ,thank
ọpẹ,thankful
o ṣeun,thanks
laniiyan,thoughtful
yiya,thrilled
ifarada,tolerant
oke,top
gbepokini,tops
idakẹjẹ,tranquil
ìṣúra,treasure
ìṣúra,treasures
isegun,triumph
olubori,triumphant
otitọ,true
gbekele,trust
gbẹkẹle,trusted
aigbesehin,unbiased
aiṣedeede,unequaled
iṣọkan,unified
isokan,united
alailẹgbẹ,unmatched
unstoppable,unstoppable
untarnished,untarnished
wulo,useful
iwulo,usefulness
fọwọsi,validate
fọwọsi,validated
validates,validates
afọwọsi,validating
ti gba,vested
larinrin,vibrant
ṣọra,vigilant
idalare,vindicate
idalare,vindicated
awọn idalare,vindicates
idalare,vindicating
oniwa rere,virtuous
iran,vision
iranran,visionary
riran,visioning
ìran,visions
agbara,vitality
Vitamin,vitamin
vivacious,vivacious
fẹ,want
loworo,warm
iferan,warmth
oro,wealth
ọlọrọ,wealthy
kaabo,welcome
tewogba,welcomed
kaabọ,welcomes
ifẹkufẹ,whimsical
ìmúratán,willingness
ṣẹgun,win
olubori,winner
gba,winning
bori,wins
winwin,winwin
fẹ,wish
lopo lopo,wishes
edun okan,wishing
gba,won
iyanu,wonderful
woo,woo
woohoo,woohoo
wooo,wooo
woo,woow
jọ́sìn,worshiped
tọ,worth
yẹ,worthy
Iro ohun,wow
wowow,wowow
wowww,wowww
bẹẹni,yeah
ifẹkufẹ,yearning
bẹẹni,yeees
bẹẹni,yes
ọdọ,youthful
oloyinmọmọ,yummy
onítara,zealous
pọ,abound
pọ,abounds
opo,abundance
lọpọlọpọ,abundant
wiwọle,accessable
wiwọle,accessible
iyin,acclaim
iyin,acclaimed
iyin,acclamation
iyin,accolade
iyin,accolades
ibugbe,accommodative
ibugbe,accomodative
aṣepari,accomplishment
awọn aṣeyọri,accomplishments
deede,accurate
deede,accurately
aseyori,achievement
awọn aṣeyọri,achievements
iyọrisi,achievible
itara,acumen
adaptable,adaptable
aṣamubadọgba,adaptive
adijositabulu,adjustable
admirable,admirable
admirably,admirably
iwunilori,admiration
olufẹ,admirer
ẹwà,admiringly
olufẹ,adorer
adoring,adoring
adoringly,adoringly
adroit,adroit
adroitly,adroitly
adulate,adulate
ibukun,adulation
adulatory,adulatory
anfani,advantageous
advantageously,advantageously
ìrìn,adventuresome
alagbawi,advocate
agbejoro,advocated
alagbawi,advocates
igbẹkẹle,affability
affable,affable
affably,affably
ipa,affectation
ijora,affinity
jẹrisi,affirm
ìmúdájú,affirmation
affirmative,affirmative
ọlọrọ,affluence
ọlọrọ,affluent
irewesi,afford
ifarada,affordable
ni ifarada,affordably
afordable,afordable
agile,agile
agilely,agilely
agility,agility
itẹwọgba,agreeableness
ni ibamu,agreeably
gbogbo-ayika,all-around
ifamọra,alluring
elere,alluringly
altruistic,altruistic
altruistically,altruistically
iyalẹnu,amazement
iyalẹnu,amazingly
ambitiously,ambitiously
ṣe atunṣe,ameliorate
amulo,amenable
ohun elo,amenity
ifarada,amiability
amiabily,amiabily
alaanu,amiable
alaafia,amicability
alaafia,amicable
alaafia,amicably
amity,amity
iwonba,ample
pupọ,amply
amóríyá,amusing
amusingly,amusingly
angeli,angel
angeli,angelic
apotheosis,apotheosis
afilọ,appeal
afilọ,appealing
mọrírì,appreciable
mọrírì,appreciative
mọrírì,appreciatively
yẹ,appropriate
fi ọwọ si,approve
ardently,ardently
ardor,ardor
sọ asọye,articulate
ifẹkufẹ,aspiration
awọn ireti,aspirations
lepa,aspire
idaniloju,assurance
awọn idaniloju,assurances
idaniloju,assure
nit assuredtọ,assuredly
idaniloju,assuring
iyalẹnu,astonish
iyalẹnu,astonishing
iyalẹnu,astonishingly
iyalẹnu,astonishment
lasan,astutely
fetísílẹ,attentive
wuni,attractive
fifamọra,attractively
attune,attune
ngbohun,audible
gbohungbohun,audibly
rere,auspicious
ojulowo,authentic
alaṣẹ,authoritative
adase,autonomous
wa,available
aver,aver
ni itara,avidly
iyalẹnu,awe
iyalẹnu,awed
awesomely,awesomely
iyalẹnu,awesomeness
iyalẹnu,awestruck
awsome,awsome
egungun,backbone
iwontunwonsi,balanced
ẹlẹwa,beauteous
ẹwa,beautifullly
ẹwa,beauty
beckon,beckon
beckoned,beckoned
beckoning,beckoning
beckons,beckons
gbagbọ,believable
gbagbọ,believeable
oloore,benefactor
alaanu,beneficent
anfani,beneficial
anfaani,beneficially
alanfani,beneficiary
oninuure,benevolence
oninuure,benevolent
awọn anfani,benifits
ti o mọ julọ,best-known
ti o dara julọ,best-performing
tita to dara julọ,best-selling
dara-mọ,better-known
dara julọ ju ti a ti ṣe yẹ lọ,better-than-expected
beutifully,beutifully
alailẹgan,blameless
ni idunnu,blissfully
gbin,bloom
tanná,blossom
ṣe atilẹyin,bolster
egungun,bonny
ajeseku,bonus
awọn ajeseku,bonuses
ariwo,boom
ariwo,booming
ailopin,boundless
lọpọlọpọ,bountiful
ologbon,brainiest
ọpọlọ,brainy
ẹya tuntun,brand-new
akọni,bravery
bravo,bravo
awaridii,breakthroughs
ìmí mímí,breathlessness
yanilenu,breathtakingly
afẹfẹ,breeze
tan imọlẹ,brighten
tan imọlẹ,brighter
didan,brilliance
brilliances,brilliances
o wu,brilliantly
arakunrin,brotherly
akọmalu,bullish
cajole,cajole
idakẹjẹ,calmness
agbara,capability
ni agbara,capably
ṣe ifamọra,captivate
captivating,captivating
owo sisan pada,cashback
awọn owo sisan,cashbacks
mimu,catchy
ajoyo,celebration
ayẹyẹ,celebratory
aṣaju,champ
asiwaju,champion
charisma,charisma
charismatic,charismatic
alanu,charitable
pele,charmingly
mimọ,chaste
din owo,cheaper
lawin,cheapest
kerubu,cherub
chivalrous,chivalrous
chivalry,chivalry
ọlaju,civility
ọlaju,civilize
Ayebaye,classic
mimọ julọ,cleanest
mimọ,cleanliness
mimo,cleanly
ko o-ge,clear-cut
clearer,clearer
ogbon,cleverly
isopọ,cohere
isokan,coherence
isokan,coherent
iṣọkan,cohesive
lo ri,colorful
ẹlẹwa,comely
ni itunu,comfortably
itura,comfy
gbóríyìn fún,commendable
gboriyin fun,commendably
eru,commodious
iwapọ,compact
iwapọ,compactly
aanu,compassion
ibaramu,compatible
iranlowo,complement
tobaramu,complementary
gbelese,complemented
awọn afikun,complements
ifaramọ,compliant
iyin,compliment
ikini,complimentary
olufaragba,conciliatory
ṣoki,concise
congenial,congenial
oriire,congratulatory
tọkàntọkàn,conscientious
agbatẹniro,considerate
dédé,consistent
àìyẹsẹ,consistently
onitumọ,constructive
pari,consummate
ìtẹ́lọ́rùn,contentment
ilosiwaju,continuity
ilodi si,contrasty
ilowosi,contribution
wewewe,convenience
rọrun,convenient
ni irọrun,conveniently
ifaramọ,convience
ifaramọ,convienient
ifaramọ,convient
ni idaniloju,convincing
ni idaniloju,convincingly
tutu julọ,coolest
ajumose,cooperative
ifowosowopo,cooperatively
okuta igun ile,cornerstone
atunse,correct
bi o ti tọ,correctly
iye owo to munadoko,cost-effective
fifipamọ iye owo,cost-saving
counter-kolu,counter-attack
counter-ku,counter-attacks
igboya,courageously
igboya,courageousness
adajo,courtly
majẹmu,covenant
farabale,cozy
igbẹkẹle,credence
gbagbọ,credible
agaran,crisp
agaran,crisper
imularada,cure
imularada-gbogbo,cure-all
cushy,cushy
didara julọ,cuteness
danke,danke
danken,danken
laya,daringly
olufẹ,darling
dashing,dashing
owurọ,dawn
dazzle,dazzle
dazzled,dazzled
yanilenu,dazzling
olowo-poku,dead-cheap
ti ku,dead-on
ọmọluwabi,decency
bojumu,decent
ipinnu,decisiveness
ijatil,defeat
ṣẹgun,defeated
ṣẹgun,defeating
awọn ijatil,defeats
iteriba,deference
deft,deft
ti bajẹ,deginified
alafẹfẹ,delectable
delicacy,delicacy
elege,delicate
adun,delicious
igbadun,delightful
inudidun,delightfully
igbadun,delightfulness
gbẹkẹle,dependable
ti o gbẹkẹle,dependably
yẹ,deservedly
yẹ,deserving
ifẹkufẹ,desiring
ayanmọ,destiny
yiya sọtọ,detachable
olùfọkànsìn,devout
alaigbọran,dexterous
alaigbọran,dexterously
dextrous,dextrous
olola,dignified
ọlá,dignify
iyì,dignity
aisimi,diligence
alãpọn,diligent
tokantokan,diligently
oselu,diplomatic
dọti-olowo poku,dirt-cheap
iyatọ,distinction
iyasọtọ,distinctive
yato si,distinguished
orisirisi,diversified
Ibawi,divine
atorunwa,divinely
jọba,dominate
ti jẹ gaba lori,dominated
jọba,dominates
dote,dote
dotingly,dotingly
aniani,doubtless
ilẹ ala,dreamland
dumbfounded,dumbfounded
dumbfounding,dumbfounding
idinwon-ẹri,dummy-proof
ti o tọ,durable
ìmúdàgba,dynamic
ni itara,eagerly
itara,eagerness
tọkàntọkàn,earnestly
itara,earnestness
rọrùn,eased
irọrun,eases
o rorun gan,easier
rọrun julọ,easiest
irọrun,easiness
irọrun,easing
rọrun-si-lilo,easy-to-use
lo jeje,easygoing
ebullience,ebullience
ebullient,ebullient
ebulliently,ebulliently
ecenomical,ecenomical
ti ọrọ -aje,economical
awọn igbadun,ecstasies
igbadun,ecstasy
ecstatically,ecstatically
ṣatunṣe,edify
kọ ẹkọ,educated
ndin,effectiveness
ipa,effectual
doko,efficacious
daradara,efficient
daradara,efficiently
akitiyan,effortless
akitiyan,effortlessly
idasilẹ,effusion
agbara,effusive
daradara,effusively
imudarasi,effusiveness
elan,elan
yọ,elate
inu didun,elatedly
itanna,electrify
didara,elegance
gbe soke,elevate
olutayo,elite
ijafafa,eloquence
ologbon,eloquent
daadaa,eloquently
ìgboyà,embolden
olokiki,eminence
olokiki,eminent
ni aanu,empathize
ìyọ́nú,empathy
agbara,empower
ifiagbara,empowerment
enchant,enchant
enchanting,enchanting
enchantingly,enchantingly
iwuri,encouraging
iwuri,encouragingly
olufẹ,endear
iferan,endearing
ifọwọsi,endorsing
agbara,energize
agbara-daradara,energy-efficient
fifipamọ agbara,energy-saving
lowosi,engaging
engrossing,engrossing
mu dara,enhance
imudara,enhanced
imudara,enhancement
awọn ilọsiwaju,enhances
igbaladun,enjoyable
igbadun,enjoyably
gbadun,enjoyed
igbadun,enjoyment
ìlàlóye,enlightenment
gbe laaye,enliven
ennoble,ennoble
to,enough
enrapt,enrapt
enraptured,enraptured
bùkún,enrich
idarato,enrichment
ṣe ere idaraya,entertain
awon alarinrin,entertains
iwunilori,enthrall
yin ojlofọndotenamẹ,enthralled
moriwu,enthuse
itara,enthusiasm
olutayo,enthusiast
ni itara,enthusiastically
tàn,entice
tàn,enticed
tàn,enticing
enticingly,enticingly
entranced,entranced
entrancing,entrancing
gbekele,entrust
ilara,enviable
ilara,enviably
ilara,envious
ilara,enviously
ilara,enviousness
ilara,envy
deede,equitable
ergonomical,ergonomical
ti ko ni aṣiṣe,err-free
erudite,erudite
eulogize,eulogize
euphorically,euphorically
igbelewọn,evaluative
boṣeyẹ,evenly
iṣẹlẹ,eventful
ayeraye,everlasting
evocative,evocative
gbega,exalt
igbega,exaltation
gbega,exalted
ga,exaltedly
gbega,exalting
gbega,exaltingly
oluyẹwo,examplar
ayẹwo,examplary
iyalẹnu,excallent
kọja,exceed
ti kọja,exceeded
pupọju,exceeding
pupọju,exceedingly
koja,exceeds
tayo,excel
ti jade,exceled
alakikanju,excelent
olutayo,excellant
tayọ,excelled
olaju,excellency
o tayọ,excellently
tayọ,excels
alailẹgbẹ,exceptional
Iyatọ,exceptionally
inu didun,excitedly
igbadun,excitedness
excites,excites
moriwu,excitingly
ologbon,exellent
apẹẹrẹ,exemplar
apẹẹrẹ,exemplary
igbadun,exhilarate
igbadun,exhilaratingly
igbadun,exhilaration
gbooro,expansive
ni kiakia,expeditiously
amoye,expertly
olorinrin,exquisite
olorinrin,exquisitely
gbega,extol
gbega,extoll
Iyatọ,extraordinarily
alailẹgbẹ,extraordinary
idunnu,exuberance
pelu idunnu,exuberantly
yọyọ,exult
ayọ,exultation
inu didun,exultingly
gba oju,eye-catch
oju-mimu,eye-catching
eyecatch,eyecatch
ipenpeju,eyecatching
gbayi,fabulously
dẹrọ,facilitate
ni deede,fairly
ododo,fairness
tọkàntọkàn,faithfully
ìdúróṣinṣin,faithfulness
olokiki,famed
olokiki,famous
olokiki,famously
olufẹ,fancier
fancinating,fancinating
fanimọra,fancy
iferan,fanfare
egeb,fans
ikọja,fantastically
fanimọra,fascinatingly
ifanimora,fascination
asiko,fashionable
asa,fashionably
sare,fast
yiyara dagba,fast-growing
yiyara,fast-paced
Yara ju,faster
yiyara,fastest
yiyara-dagba,fastest-growing
ailabawọn,faultless
fav,fav
fave,fave
ọjo,favorable
ojurere,favour
laibẹru,fearlessly
ṣee ṣe,feasible
ṣee ṣe,feasibly
feat,feat
ẹya-ara-ọlọrọ,feature-rich
fecilitous,fecilitous
feisty,feisty
ṣe inudidun,felicitate
aladun,felicitous
idunnu,felicity
ìbímọ,fertile
tọkàntọkàn,fervently
tọkàntọkàn,fervidly
itara,fervor
iṣootọ,fidelity
amubina,fiery
itanran-nwa,fine-looking
finely,finely
finer,finer
dara julọ,finest
ṣinṣin,firmer
akọkọ-kilasi,first-class
akọkọ-ni-kilasi,first-in-class
akọkọ-oṣuwọn,first-rate
flashy,flashy
alafẹfẹ,flatter
ipọnni,flattering
pẹlẹbẹ,flatteringly
ijuwe,flawless
ijuwe,flawlessly
irọrun,flexibility
rọ,flexible
gbilẹ,flourish
gbilẹ,flourishing
lagbaye,fluent
fifa,flutter
pelu ife,fondly
aṣiwère,foolproof
ṣaaju,foremost
awotẹlẹ,foresight
formidable,formidable
igboya,fortitude
fortuitous,fortuitous
lojiji,fortuitously
da,fortunately
orire,fortune
olóòórùn dídùn,fragrant
ni ominira,freed
awọn ominira,freedoms
titun,fresher
titun julọ,freshest
ore,friendliness
ṣiṣan,frolic
frugal,frugal
eso,fruitful
imuse,fulfillment
ojo iwaju,futurestic
ojo iwaju,futuristic
alafia,gaiety
gaily,gaily
ere,gainful
ni ere,gainfully
ọpọlọpọ,galore
geekier,geekier
geeky,geeky
tiodaralopolopo,gem
fadaka,gems
ilawo,generosity
lawọ,generously
oloye,genius
Onírẹlẹ,gentle
oninuure,gentlest
ojulowo,genuine
ebun,gifted
dunnu,gladden
inu didun,gladly
idunnu,gladness
pelu idunnu,gleefully
glimmer,glimmer
glimmering,glimmering
glisten,glisten
didan,glistening
didan,glitter
glitz,glitz
yin ogo,glorify
ologo,gloriously
tàn,glow
didan,glowing
glowingly,glowingly
olorun,god-given
ọlọrun-firanṣẹ,god-send
olorun,godlike
goolu,gold
wura,golden
daadaa,goodly
ife -rere,goodwill
goood,goood
gooood,gooood
alayeye,gorgeous
alayeye,gorgeously
oore -ọfẹ,graceful
laanu,gracefully
oore -ofe,graciously
oore -ofe,graciousness
titobi,grandeur
o ṣeun,gratefully
gratified,gratified
gratifies,gratifies
itẹlọrun,gratify
itelorun,gratifying
inu didun,gratifyingly
ọpẹ,gratitude
titobi,greatness
rẹrin,grin
ti ilẹ,groundbreaking
itoni,guidance
alailẹṣẹ,guiltless
gumu,gumption
gush,gush
inu didun,gusto
gutsy,gutsy
halcyon,halcyon
hale,hale
hallmark,hallmark
hallmarks,hallmarks
mimọ,hallowed
afọwọṣe,handier
ni ọwọ,handily
ọwọ-isalẹ,hands-down
Arewa okunrin,handsome
dara julọ,handsomely
ni ọwọ,handy
idunnu,happier
inudidun,happily
sise taratara,hard-working
laiseniyan,harmless
isokan,harmonious
ni ibamu,harmoniously
múra,harmonize
isokan,harmony
iwaju,headway
larada,heal
ni ilera,healthful
gbokanle,hearten
moriwu,heartening
tọkàntọkàn,heartily
inu didun,heartwarming
iranwo,helped
akọni,heroically
akọni obinrin,heroine
akọni,heroize
heros,heros
Oniga nla,high-quality
ga-ẹmí,high-spirited
mimo,holy
ibowo,homage
otitọ,honesty
ọlọla,honorable
hooray,hooray
aájò àlejò,hospitable
gbona,hot
hotcake,hotcake
hotcakes,hotcakes
to gbona gan,hottest
eda eniyan,humane
onirẹlẹ,humble
irele,humility
humorously,humorously
bojumu,ideal
idealize,idealize
apere,ideally
òrìṣà,idol
oriṣa,idolize
oriṣa,idolized
idyllic,idyllic
tan imọlẹ,illuminate
illuminati,illuminati
tan imọlẹ,illuminating
itanna,illumine
ọlọla,illustrious
ilu,ilu
imaculate,imaculate
arojinle,imaginative
alaimo,immaculate
ailabawọn,immaculately
laini,immense
ojúsàájú,impartial
ojúsàájú,impartiality
lai ṣe ojuṣaaju,impartially
impassioned,impassioned
alailagbara,impeccable
impeccably,impeccably
iwunilori,impressively
iwunilori,impressiveness
awọn ilọsiwaju,improvements
alaragbayida,incredible
iyalẹnu,incredibly
gbese,indebted
olukuluku,individualized
itẹlọrun,indulgence
indulgent,indulgent
aisimi,industrious
ailopin,inestimable
inestimably,inestimably
ilamẹjọ,inexpensive
ailagbara,infallibility
alailese,infallible
alailese,infallibly
ọlọgbọn,ingenious
ingeniously,ingeniously
ọgbọn,ingenuity
ologbon,ingenuous
ọgbọn,ingenuously
alailẹṣẹ,innocuous
inpressed,inpressed
awotunwo,insightful
ni oye,insightfully
lesekese,instantly
ẹkọ,instructive
irinse,instrumental
ese,integral
ese,integrated
oye,intelligence
ni oye,intelligible
ibaramu,intimacy
timotimo,intimate
intrigue,intrigue
iditẹ,intriguing
iditẹ,intriguingly
ogbon inu,intuitive
ti koṣe,invaluable
ti koṣe,invaluablely
oniwa,inventive
fi agbara mu,invigorate
imagbara,invigorating
ailagbara,invincibility
aidibaje,inviolable
alailagbara,inviolate
ti ko ṣe rọpo,irreplaceable
irreproachable,irreproachable
alailagbara,irresistibly
oro-free,issue-free
bakan-sisọ,jaw-droping
bakan-sisọ,jaw-dropping
jollify,jollify
ayo,joyously
jubilantly,jubilantly
jubilate,jubilate
ayọ,jubilation
jubiliant,jubiliant
onidajọ,judicious
olododo,justly
tọkàntọkàn,keenly
itara,keenness
ore-omo,kid-friendly
inurere,kindliness
jowo,kindly
inurere,kindness
oye,knowledgeable
agbara-nla,large-capacity
yin,laud
iyin,laudable
laudably,laudably
lavish,lavish
lavishly,lavishly
ti o faramọ ofin,law-abiding
t’olofin,lawful
lawfully,lawfully
asiwaju,lead
asiwaju,leading
nyorisi,leads
tẹẹrẹ,lean
mu,led
arosọ,legendary
idogba,leverage
levity,levity
igbala,liberate
itusile,liberation
ominira,liberty
imole okan,light-hearted
fẹẹrẹfẹ,lighter
feran,likable
fẹran,liking
kiniun,lionhearted
mogbonwa,logical
gun lasting,long-lasting
lovably,lovably
iferan,loveliness
ololufe,lover
fẹràn,loves
owo pooku,low-cost
iye owo kekere,low-price
owo-kekere,low-priced
ewu kekere,low-risk
idiyele kekere,lower-priced
lucid,lucid
lucidly,lucidly
olore,luckier
orire julọ,luckiest
oriire,luckiness
ti ere,lucrative
imole,luminous
ọti,lush
luster,luster
ifẹkufẹ,lustrous
adun,luxuriant
igbadun,luxuriate
adun,luxurious
adun,luxuriously
igbadun,luxury
ohun orin,lyrical
idan,magic
idan,magical
nla,magnanimous
magnanimously,magnanimously
titobi,magnificence
nkanigbega,magnificent
lọpọlọpọ,magnificently
ọlanla,majestic
ọlanla,majesty
ṣakoso,manageable
maneuverable,maneuverable
yà,marveled
yà,marvelled
iyanu,marvellous
iyalẹnu,marvelously
iyanu,marvelousness
titunto si,master
ọlọgbọn,masterful
masterfully,masterfully
oluwa,masters
oga,mastery
alailẹgbẹ,matchless
ogbo,maturely
ìbàlágà,maturity
to sese,memorable
aláàánú,merciful
aláàánú,mercifully
anfani,merit
meritorious,meritorious
inu didun,merrily
aladun,merriment
aladun,merriness
moriwu,mesmerize
mesmerized,mesmerized
mesmerizes,mesmerizes
mesmerizing,mesmerizing
mesmerizingly,mesmerizingly
ṣọra,meticulous
ṣọra,meticulously
lagbara,mightily
alagbara,mighty
ero-inu,mind-blowing
iyanu,miracles
iyanu,miraculous
iyanu,miraculously
iyanu,miraculousness
igbalode,modern
iwọntunwọnsi,modest
ìmẹ̀tọ́mọ̀wà,modesty
pataki,momentous
monumental,monumental
monumentally,monumentally
iwa rere,morality
olona-idi,multi-purpose
kiri,navigable
afinju,neat
afinju,neatest
afinju,neatly
daradara,nicely
dara julọ,nicer
dara julọ,nicest
nimble,nimble
ọlọla,nobly
ariwo,noiseless
ti kii ṣe iwa-ipa,non-violence
ti kii ṣe iwa-ipa,non-violent
ni pataki,notably
ohun akiyesi,noteworthy
ifunni,nourish
ifunni,nourishing
ounje,nourishment
aratuntun,novelty
títọ́jú,nurturing
asale,oasis
aimọkan,obsession
ifẹ afẹju,obsessions
gba,obtainable
ni gbangba,openly
ìmọ,openness
ti aipe,optimal
olówó,opulent
letoleto,orderly
ipilẹṣẹ,originality
outdo,outdo
ti kọja,outdone
aṣeju,outperform
outperformed,outperformed
aṣeju,outperforming
ṣe àṣejù,outperforms
ita gbangba,outshine
outshone,outshone
ologbon,outsmart
titayọ,outstandingly
outstrip,outstrip
outwit,outwit
igbega,ovation
mu,overtake
ti bori,overtaken
overtakes,overtakes
overtaking,overtaking
mu,overtook
overture,overture
laisi irora,pain-free
laini irora,painless
laisi irora,painlessly
palapala,palatial
pamper,pamper
pampered,pampered
pamperedly,pamperedly
pamperedness,pamperedness
pampers,pampers
panoramic,panoramic
pataki julọ,paramount
ife gidigidi,passion
ni itara,passionately
s patienceru,patience
alaisan,patient
suuru,patiently
onilu,patriot
ti orilẹ -ede,patriotic
alaafia,peaceable
awọn alafia,peacekeepers
eso pishi,peach
alailẹgbẹ,peerless
pep,pep
pepped,pepped
pepping,pepping
peppy,peppy
peps,peps
pipé,perfection
iyọọda,permissible
ìfaradà,perseverance
farada,persevere
awọn eniyan,personages
ti ara ẹni,personalized
iyalẹnu,phenomenal
lasan,phenomenally
ibowo,piety
ṣonṣo,pinnacle
playfully,playfully
igbadun,pleasantly
wù,pleases
tenilorun,pleasing
tenilorun,pleasingly
igbadun,pleasurable
igbadun,pleasurably
lọpọlọpọ,plentiful
pluss,pluses
edidan,plush
pluss,plusses
ewì,poetic
akéwì,poeticize
farapa,poignant
ìfaradà,poise
ni imurasilẹ,poised
didan,polished
niwa rere,polite
ọmọluwabi,politeness
šee gbe,portable
posh,posh
rere,positives
ni agbara,powerfully
iyin,praiseworthy
iṣaaju,pre-eminent
iyebiye,precious
kongẹ,precise
gbọgán,precisely
pataki,preeminent
fẹ,prefer
preferable,preferable
pelu,preferably
prefered,prefered
fẹran,preferes
fẹran,preferring
prefers,prefers
alakoko,premier
ola,prestige
ti o niyi,prestigious
prettily,prettily
ti ko ni idiyele,priceless
igberaga,pride
ìlànà,principled
anfaani,privilege
joju,prize
laisi iṣoro,problem-free
iṣoro-iṣoro,problem-solver
prodigious,prodigious
prodigiously,prodigiously
alaragbayida,prodigy
iṣelọpọ,productive
productively,productively
alamọdaju,proficient
daradara,proficiently
ijinle,profound
jinle,profoundly
lọpọlọpọ,profuse
afonifoji,profusion
onitẹsiwaju,progressive
lọpọlọpọ,prolific
olokiki,prominence
ni ileri,promising
olupolowo,promoter
kiakia,prompt
kiakia,promptly
yẹ,proper
daradara,properly
propitious,propitious
propitiously,propitiously
aleebu,pros
ṣe rere,prosper
aisiki,prosperity
prospros,prospros
aabo,protection
aabo,protective
Fihan,proven
jẹri,proves
ipese,providence
ni tooto,proving
akọni,prowess
ọgbọn,prudence
amoye,prudent
pẹlu ọgbọn,prudently
lásìkò,punctual
funfun,pure
sọ di mimọ,purify
ipinnu,purposeful
quaint,quaint
tóótun,qualified
tóótun,qualify
yiyara,quicker
idakẹjẹ,quiet
dakẹ,quieter
itanna,radiance
tàn,radiant
yiyara,rapid
rapport,rapport
rapt,rapt
raptureous,raptureous
raptureously,raptureously
rapturously,rapturously
onipin,rational
felefele-didasilẹ,razor-sharp
de ọdọ,reachable
ṣeékà,readable
ni imurasilẹ,readily
setan,ready
tun fi idi re mule,reaffirm
imudaniloju,reaffirmation
bojumu,realistic
realizable,realizable
reasonable,reasonable
ni idi,reasonably
ni imọran,reasoned
ifọkanbalẹ,reassurance
gbigba,receptive
gba pada,reclaim
ṣe iṣeduro,recomend
iṣeduro,recommendation
awọn iṣeduro,recommendations
laja,reconcile
ilaja,reconciliation
eto igbasilẹ,record-setting
Bọsipọ,recover
imularada,recovery
atunse,rectification
tunṣe,rectify
atunse,rectifying
rapada,redeem
irapada,redeeming
irapada,redemption
liti,refine
ti won ti refaini,refined
isọdọtun,refinement
atunṣe,reform
ti tunṣe,reformed
atunse,reforming
awọn atunṣe,reforms
sọtun,refresh
tù,refreshed
onitura,refreshing
agbapada,refund
agbapada,refunded
ọba,regal
iforukọsilẹ,regally
iyi,regard
inu didun,rejoicingly
sọji,rejuvenate
atunse,rejuvenated
rejuvenating,rejuvenating
ronupiwada,relent
gbẹkẹle,reliable
gbẹkẹle,reliably
iderun,relief
gbadun,relish
iyalẹnu,remarkably
atunse,remedy
idariji,remission
san owo sisan,remunerate
atunṣe,renaissance
lotun,renewed
ogbontarigi,renown
ogbontarigi,renowned
rọpo,replaceable
olokiki,reputable
loruko,reputation
resilient,resilient
resound,resound
ariwo,resounding
ologbon,resourceful
olufulnessewadi,resourcefulness
ibowo,respect
kasi,respectable
tọwọtọwọ,respectful
tọ̀wọ̀tọ̀wọ̀,respectfully
isinmi,respite
replendent,resplendent
lodidi,responsibly
atunto,restructure
atunto,restructured
atunṣeto,restructuring
amupada,retractable
ṣe ayẹyẹ,revel
ifihan,revelation
ibowo,revere
ibowo,reverence
ibowo,reverent
tọ̀wọ̀tọ̀wọ̀,reverently
sọji,revitalize
isoji,revival
rogbodiyan,revolutionary
rogbodiyan,revolutionize
iyipada,revolutionized
revolutionizes,revolutionizes
ni ere,rewardingly
ọlọrọ,richer
lọpọlọpọ,richly
ọlọrọ,richness
ọtun,right
ọtun,righten
olododo,righteous
olododo,righteously
ododo,righteousness
ni ẹtọ,rightful
titọ,rightfully
titọ,rightly
titọ,rightness
ewu-free,risk-free
apata-irawọ,rock-star
apata-irawọ,rock-stars
rockstar,rockstar
rockstars,rockstars
ifẹ,romantic
romantically,romantically
ṣe ifẹkufẹ,romanticize
yara,roomier
yara,roomy
rosy,rosy
sagacity,sagacity
sagely,sagely
eniyan mimo,saint
iwa mimo,saintliness
mimo,saintly
ikini,salutary
kí,salute
olóye,sane
ni itẹlọrun,satisfactorily
itelorun,satisfactory
ni itẹlọrun,satisfies
ni itẹlọrun,satisfy
itelorun,satisfying
ni itẹlọrun,satisified
olugbala,saver
ifowopamọ,savings
olugbala,savior
oye,savvy
iwoye,scenic
iran,seamless
ti igba,seasoned
ni aabo,securely
yiyan,selective
ipinnu ara ẹni,self-determination
iyì ara ẹni,self-respect
itẹlọrun ara ẹni,self-satisfaction
imotara eni,self-sufficiency
ara-to,self-sufficient
aibale okan,sensation
sensational,sensational
ni imọlara,sensationally
sensations,sensations
ogbon,sensible
ni oye,sensibly
kókó,sensitive
ifokanbale,serenity
didasilẹ,sharp
mu,sharper
didasilẹ,sharpest
dànù,shimmering
dúdú,shimmeringly
tàn,shine
danmeremere,shiny
ipalọlọ,silent
rọrun,simpler
rọrun julọ,simplest
yepere,simplified
simplifies,simplifies
rọrun,simplify
simplifying,simplifying
olorijori,skill
ti oye,skilled
ọlọgbọn,skillful
ogbon,skillfully
slammin,slammin
aso,sleek
logbon,smartly
rerin musẹ,smilingly
lù,smitten
dan,smooth
rọra,smoother
didan,smoothes
danra ju,smoothest
laisiyonu,smoothly
yiyara,snappy
rirọ,snazzy
lawujọ,sociable
asọ,soft
rirọ,softer
itunu,solace
bẹbẹ,solicitous
solicitously,solicitously
itunu,soothingly
oninuure,soulful
daradara,soundly
ìlera,soundness
aláyè gbígbòòrò,spacious
ti iyanu,spectacular
iyanu,spectacularly
yiyara,speedily
yiyara,speedy
isọkusọ,spellbind
isọkusọ,spellbinding
lọkọọkan,spellbindingly
lọkọọkan,spellbound
ẹmí,spiritual
lọpọlọpọ,splendidly
ẹwa,splendor
lẹẹkọkan,spontaneous
ere idaraya,sporty
ailabawọn,spotless
iduroṣinṣin,stability
ṣetọju,stabilize
irin alagbara,stainless
ai-gba,standout
ipinle-ti-ti-aworan,state-of-the-art
ọlọla,stately
ere aworan,statuesque
alagidi,staunch
ni igboya,staunchly
ìfaradà,staunchness
ṣinṣin,steadfastly
iduroṣinṣin,steadfastness
steadiest,steadiest
iduroṣinṣin,steadiness
dada,steady
irawọ,stellar
irawọ,stellarly
stimulative,stimulative
saropo,stirringly
gígùn,straighten
taara,straightforward
ṣiṣan,streamlined
ohun ijqra,striking
idaṣẹ,strikingly
ìjàkadì,striving
iyalẹnu,stunned
yanilenu,stunningly
omugo,stupendous
omugo,stupendously
alagbara,sturdier
lagbara,sturdy
ara,stylish
aṣa,stylishly
aṣa,stylized
suavely,suavely
giga,sublime
ṣe iranlọwọ,subsidize
iranwo,subsidized
subsidizes,subsidizes
iranlowo,subsidizing
pataki,substantive
ṣe aṣeyọri,succeed
ṣe aṣeyọri,succeeded
aṣeyọri,succeeding
ṣe aṣeyọri,succeeds
awọn aṣeyọri,succes
awọn aṣeyọri,successes
ni ifijišẹ,successfully
to,suffice
ti to,sufficed
to,suffices
to,sufficient
to,sufficiently
dara,suitable
lasan,sumptuous
lapapo,sumptuously
apọju,sumptuousness
superbly,superbly
titobi,superiority
rirọ,supple
titobi,supremacy
adajọ,supreme
ti o ga julọ,supremely
supurb,supurb
supurbly,supurbly
bori,surmount
julọ,surpass
tẹriba,surreal
iwalaaye,survival
iduroṣinṣin,sustainability
alagbero,sustainable
iwẹ,swank
swankier,swankier
swankiest,swankiest
ẹlẹgbin,swanky
gbigba,sweeping
didùn,sweeten
ololufe,sweetheart
adun,sweetly
adun,sweetness
yiyara,swiftness
talenti,talent
abinibi,talented
talenti,talents
tunṣe,tantalize
tankalẹ,tantalizing
tantalizingly,tantalizingly
danwo,tempt
danwo,tempting
idanwo,temptingly
tenacious,tenacious
tenaciously,tenaciously
tenacity,tenacity
tutu,tenderly
lasan,terrifically
tinrin,thinner
ni iṣaro,thoughtfully
ironu,thoughtfulness
ọlọrọ,thrift
ọlọrọ,thrifty
dani lorun,thrill
ojlofọndotenamẹ tọn,thrilling
moriwu,thrillingly
awọn igbadun,thrills
ṣe rere,thrive
ti ndagba,thriving
atampako-soke,thumb-up
na ọwọ soke,thumbs-up
tickle,tickle
tunto,tidy
akoko-lola,time-honored
ti akoko,timely
tingle,tingle
titillate,titillate
titillating,titillating
titillatingly,titillatingly
iṣọkan,togetherness
ifarada,tolerable
kii-free,toll-free
ohun ipelegiga,top-notch
oke-didara,top-quality
ohun ipelegiga,topnotch
alakikanju,tough
le,tougher
nira julọ,toughest
isunki,traction
ifokanbale,tranquility
sihin,transparent
lọpọlọpọ,tremendously
ti aṣa,trendy
isegun,triumphal
ni isegun,triumphantly
lasan,trivially
olowoiyebiye,trophy
laini wahala,trouble-free
ipè,trump
ipè,trumpet
gbekele,trusting
igbẹkẹle,trustingly
igbẹkẹle,trustworthiness
igbẹkẹle,trustworthy
igbẹkẹle,trusty
otitọ,truthful
nitootọ,truthfully
otitọ,truthfulness
seju,twinkly
olekenka-agaran,ultra-crisp
alaigbọran,unabashed
lainidi,unabashedly
ti ko ni ipa,unaffected
unassailable,unassailable
unbeatable,unbeatable
aidi,unbound
aiṣododo,uncomplicated
aisedeede,unconditional
ti ko bajẹ,undamaged
alailagbara,undaunted
ni oye,understandable
undisputable,undisputable
undisputably,undisputably
undisputed,undisputed
unencumbered,unencumbered
alaigbagbọ,unequivocal
laiseaniani,unequivocally
alailagbara,unfazed
aiṣedeede,unfettered
ailegbagbe,unforgettable
isokan,unity
ailopin,unlimited
alailẹgbẹ,unparalleled
unquestionable,unquestionable
laiseaniani,unquestionably
otitọ,unreal
ailopin,unrestricted
alailẹgbẹ,unrivaled
aláìmọtara -ẹni -nìkan,unselfish
alaigbọran,unwavering
upbeat,upbeat
upgradable,upgradable
upgradeable,upgradeable
igbegasoke,upgraded
faramo,upheld
gbero,uphold
gbe soke,uplift
igbega,uplifting
igbega soke,upliftingly
igbega,upliftment
oke,upscale
nkan elo,usable
lilo,useable
onirọrun aṣamulo,user-friendly
olumulo-rọpo,user-replaceable
akọni,valiant
akin,valiantly
akọni,valor
niyelori,valuable
orisirisi,variety
jọ́sìn,venerate
verifiable,verifiable
otitọ,veritable
wapọ,versatile
wapọ,versatility
larinrin,vibrantly
asegun,victorious
iṣẹgun,victory
wiwo,viewable
gbigbọn,vigilance
iwa rere,virtue
daradara,virtuously
han gidigidi,vivid
ẹri,vouch
vouchsafe,vouchsafe
igbona,warmer
oninuure,warmhearted
gbona,warmly
daradara,well
daradara-backlit,well-backlit
daradara-iwontunwonsi,well-balanced
ihuwasi daradara,well-behaved
alafia,well-being
daradara-sin,well-bred
ti sopọ daradara,well-connected
daradara-educated,well-educated
daradara-mulẹ,well-established
daradara-fun,well-informed
daradara-intentioned,well-intentioned
daradara-mọ,well-known
daradara-ṣe,well-made
daradara-isakoso,well-managed
iwa rere,well-mannered
ipo to dara,well-positioned
daradara-gba,well-received
daradara-kasi,well-regarded
daradara-yika,well-rounded
daradara-ṣiṣe,well-run
awon ololufe rere,well-wishers
alafia,wellbeing
ta,whoa
tọkàntọkàn,wholeheartedly
ni ilera,wholesome
eni,whooa
wo,whoooa
alagbara,wieldy
setan,willing
tinutinu,willingly
afẹfẹ,windfall
winnable,winnable
bori,winners
ogbon,wisdom
ọlọgbọn,wise
ogbon,wisely
ọlọgbọn,witty
iyalẹnu,wonder
iyalẹnu,wonderfully
iyanu,wonderous
iyanu,wonderously
iyanu,wonders
iyanu,wondrous
iṣẹ,work
ṣiṣẹ,workable
sise,worked
ṣiṣẹ,works
olokiki agbaye,world-famous
tọ-nigba,worth-while
yẹ,worthiness
wulo,worthwhile
wowed,wowed
ariwo,wowing
wows,wows
yay,yay
ìtara,zeal
zenith,zenith
zest,zest
zippy,zippy
abba,abba
lokementioned,abovementioned
pipe,absolute
idariji,absolution
omowe,academic
ijinlẹ,academy
itewogba,acceptable
gbigba,acceptance
ibugbe,accommodation
ifowosowopo,accompaniment
adehun,accord
ojuse,accountability
jiyin,accountable
gbayì,accredited
accueil,accueil
Ace,ace
se aseyori,achieve
ijẹwọ,acknowledgment
gba,acquire
gbigba,acquiring
akrobat,acrobat
igbese,action
gangan,actual
afarape,acuity
mu,adapt
adirẹsi,addresses
dáadáa,adept
deedee,adequacy
idapo,adjunct
admiral,admiral
itẹwọgba,admissible
ijosin,adoration
ilosiwaju,advance
ilosiwaju,advancement
dide,advent
ni imọran,advisable
ni imọran,advise
onimọran,adviser
agbawi,advocacy
darapupo,aesthetic
aesthetics,aesthetics
alafaramo,affiliated
affirmatively,affirmatively
aga,aga
gba,agreeing
ogbin,agriculture
niwaju,ahead
iranlowo,aid
iranlowo,aiding
alabaster,alabaster
gbigbọn,alertness
alimentation,alimentation
allay,allay
ifaramọ,allegiance
allegro,allegro
ran lọwọ,alleviate
iderun,alleviation
ajọṣepọ,allied
Allowable,allowable
ifaya,allure
ore,ally
olodumare,almighty
alaafia,aloha
aṣoju,ambassador
okanjuwa,ambition
amin,amen
tunṣe,amend
ṣe atunṣe,amends
aforiji,amnesty
amour,amour
oluyanju,analyst
oran,anchor
anchorage,anchorage
animate,animate
ti ere idaraya,animated
egboogi,antibiotics
antidote,antidote
antifungal,antifungal
igba atijọ,antique
apakokoro,antiseptic
aplomb,aplomb
aforiji,apologetic
gafara,apologize
aforiji,apology
aposteli,apostle
ifọwọsi,approbation
ifọwọsi,approving
yẹ,apt
agbara,aptitude
archeology,archaeology
aristocracy,aristocracy
aristocratic,aristocratic
ni ihamọra,armed
ihamọra,armor
aroma,aroma
ru soke,arouse
orun,array
aworan,art
isọdọkan,articulation
artisan,artisan
olorin,artiste
iṣẹ ọna,artistic
igoke,ascendancy
ìgoke,ascent
ifẹkufẹ,aspiring
apejọ,assembly
fọwọsi,assent
itenumo,asserting
ran,assist
iranlowo,assistance
ẹlẹgbẹ,associate
assuage,assuage
fidani,assured
awòràwọ̀,astrologer
awòràwọ̀,astronaut
awòràwọ̀,astronomer
ọlọgbọn,astute
elere idaraya,athlete
elere idaraya,athletic
atomu,atom
ètùtù,atone
ètùtù,atonement
asomọ,attachment
de ọdọ,attainable
iyọrisi,attainment
iranṣẹ,attendant
akiyesi,attention
jẹri,attest
agbẹjọro,attorney
ifamọra,attractiveness
imudara,augment
Oṣu Kẹjọ,august
anti,aunt
aura,aura
ododo,authenticity
onkowe,author
ašẹ,authorization
fun ni aṣẹ,authorized
avatar,avatar
ay,ay
aye,aye
Ọmọ,baby
baccalaureate,baccalaureate
iwontunwonsi,balance
Ballad,ballad
onijo,ballet
iwe idibo,ballot
balm,balm
balsam,balsam
àsè,banquet
baptisi,baptism
baptisi,baptismal
bard,bard
agbọn,basketball
ipilẹ,bastion
iwẹ,bath
tan ina,beam
tan ina,beaming
ẹwa,beautification
ibusun,bedrock
Oti bia,beer
yẹ,befitting
ore,befriend
onigbagbo,believing
rere,benign
ibudo,berth
iyawo,betrothed
ilọsiwaju,betterment
nkanmimu,beverage
bibeli,biblical
ede meji,bilingual
ibimọ,birth
ojo ibi,birthday
ibukun,blessed
ibukun,blessings
laini ẹjẹ,bloodless
ṣogo,boast
oluṣọ,bodyguard
ariwo,boisterous
igboya,boldness
bonanza,bonanza
bonne,bonne
bookish,bookish
ile itaja iwe,bookshop
bookworm,bookworm
ire,boon
oore -ofe,bounty
oorun didun,bouquet
opolo,brains
aro,breakfast
iyawo,bridal
iyawo,bride
oko iyawo,bridegroom
iyawo,bridesmaid
brocade,brocade
arakunrin,brother
ẹgbẹ́ ará,brotherhood
owo,buck
ore,buddy
kọ,build
ile,building
bulldog,bulldog
ti ko ni aabo,bulletproof
buoy,buoy
awọn ọkọ akero,buss
agbọ́tí,butler
bota,buttery
buxom,buxom
ariwo,buzz
kabu,cab
minisita,cabinet
kafe,cafe
isiro,calculator
ọmọ malu,calf
Canary,canary
lododo,candid
oludije,candidate
candied,candied
kapitalisimu,capitalist
balogun,captain
iṣẹ,career
ifọwọra,caress
alabojuto,caretaker
karol,carol
kasikedi,cascade
owo,cash
ipinya,categorical
ṣaajo,cater
cathartic,cathartic
Katidira,cathedral
ṣọra,cautious
ṣọra,cautiously
gbajumọ,celebrity
ọrun,celestial
aarin,center
balogun ọrún,centurion
ọpọlọ,cerebral
ayeye,ceremony
idaniloju,certainty
alaga,chairman
alaga,chairwoman
korin,chant
ṣaja,charger
alanu,charity
laya,charmed
iwa mimọ,chastity
iwiregbe,chattering
akosile,checklist
idunnu,cheerfulness
oniwosan,chemist
ṣẹẹri,cherry
ìjòyè,chieftain
ọmọ,child
igba ewe,childhood
kigbe,chirp
chisel,chisel
chocolate,chocolate
yiyan,choice
akorin,choir
akorin,choral
ègbè,chorus
yàn,chosen
akápò,chowder
akoole,chronicle
ẹrin,chuckle
ijo,church
cider,cider
ikọla,circumcision
àyípadà,circumvention
ara ilu,citizen
ilu,civil
ọlaju,civilization
ọlaju,civilized
clairvoyant,clairvoyant
pàtẹ́wọ́,clap
salaye,clarify
kilasika,classical
awọn alailẹgbẹ,classics
sọtọ,classify
afọmọ,cleaning
wẹ,cleanse
ìwẹnumọ,cleansing
kiliaransi,clearance
ko o,clearness
alufaa,clerical
ọgbọn,cleverness
ipari,climax
isunmọtosi,closeness
bíbo,closure
aṣọ,clothe
oniye,clown
iṣọkan,coalition
etikun,coast
ibagbepo,coexist
cogent,cogent
imọ,cognitive
lapapo,collectively
Kononeli,colonel
ti o tobi,colossal
alakoso,commandant
pipaṣẹ,commanding
ṣe iranti,commemorate
iranti,commemoration
iranti,commemorative
asọye,commentator
commodore,commodore
apapọ orilẹ -ede,commonwealth
ibasọrọ,communicate
ibaraẹnisọrọ,communicative
idapo,communion
awujo,community
commutation,commutation
commute,commute
ẹlẹgbẹ,companion
ibamu,compatibility
ọranyan,compelling
isanpada,compensate
isanpada,compensatory
ijafafa,competence
ijafafa,competency
irẹlẹ,complacency
patapata,completely
aṣepari,completeness
ipari,completing
Ipari,completion
ibamu,compliance
iṣọkan,complicity
kq,composed
olupilẹṣẹ,composer
ifokanbale,composure
ni oye,comprehend
ẹlẹgbẹ,comrade
aifọwọyi,concentric
ilaja,conciliation
ipari,concluding
adehun,concord
concordance,concordance
ibanuje,condolence
gba,condone
ti o dara,conducive
elekitiriki,conductivity
ajọṣepọ,confederate
jẹwọ,confess
timo,confirmed
ibamu,conformance
ijọ,congregation
iṣọkan,congruence
onimọran,connoisseur
ẹri -ọkan,conscience
imoye,consciousness
ìyàsímímọ́,consecration
itoju,conservation
se itoju,conserve
akude,considerable
aitasera,consistency
console,console
konsonanti,consonant
iduroṣinṣin,constancy
ibakan,constant
t'olofin,constitutional
kọ,construct
olubasọrọ,contact
iṣaro,contemplation
akoonu,content
tesiwaju,continue
elegbegbe,contour
tiwon,contribute
olùkópa,contributor
convent,convent
apejọ,convention
ibaraẹnisọrọ,conversant
ibaraẹnisọrọ,conversational
yipada,convert
itutu,coolness
fọwọsowọpọ,cooperate
ifowosowopo,cooperating
ifowosowopo,cooperation
mojuto,core
itẹ -ọba,coronation
ajọ,corporation
ti ara,corporeal
atunse,corrective
ifọrọranṣẹ,correspondence
jẹrisi,corroborate
agbaiye,cosmopolitan
farabale,cosy
igbimọ,council
imoran,counsel
Oludamoran,counselor
ka,count
kika,countess
ibaṣepọ,courtship
ibora,cove
jojolo,cradle
iṣẹ ọwọ,craft
oniṣọnà,craftsman
ipara,cream
ṣẹda,create
iwe eri,credential
igbekele,credibility
gbese,credit
ni gbese,creditable
gbese,credited
crescendo,crescendo
alariwisi,critique
ade,crowning
pataki,crucial
kirisita,crystal
cuddle,cuddle
Onje wiwa,culinary
ipari,culmination
gbin,cultivate
gbin,cultivated
ogbin,cultivation
asa,culture
arekereke,cunning
imularada,curable
iwariiri,curiosity
tẹ-,curl
timutimu,cushion
onibara,customer
cutters,cutters
dame,dame
ijó,dance
ọmọbinrin,daughter
adehun,deal
ijiroro,debate
ikede,declaratory
ìyàsímímọ́,dedication
gbeja,defend
gbeja,defended
gbeja,defending
olugbeja,defense
pataki,definitive
ìyí,degree
aṣoju,delegate
moomo,deliberate
itusile,deliverance
ifijiṣẹ,delivery
tiwantiwa,democracy
afihan,demonstrable
afihan,demonstrative
ti o gbẹkẹle,dependent
ijinle,depth
ijuwe,descriptive
yẹ,deserve
yẹ,deserved
onise,designer
nlo,destination
ri,detect
erin,detection
ipinnu,determination
dagbasoke,develop
ifọkansin,devotional
alaigbọran,dexterity
ojojumọ,diary
iwe -itumọ,dictionary
didactic,didactic
onjẹunjẹ,dietary
ounje ale,dinner
diplomacy,diplomacy
oludari,director
Awari,discovery
olóye,discreet
làákàyè,discretion
lakaye,discretionary
ijiroro,discussion
imukuro,disinfection
sọnu,disposed
tan kaakiri,disseminate
distillation,distillation
ditty,ditty
orisirisi,diverse
iyipada,diversion
Ibawi,divinity
dokita,doctor
oluṣe,doer
dogged,dogged
ẹja,dolphin
don,don
ẹbun,donation
àdàbà,dove
isalẹ,downy
duet,duet
duke,duke
agbara,durability
tọkàntọkàn,dutiful
eti,earl
jo'gun,earn
irorun,easement
jẹun,eat
atunse,edification
kọ ẹkọ,educate
ẹkọ,educational
ipa,efficacy
ṣiṣe,efficiency
akitiyan,effort
ejaculation,ejaculation
ṣiṣe alaye,elaboration
alagba,elder
awon agba,elders
yan,elect
itanna,electric
itanna,electricity
igbega,elevation
yẹ,eligible
ṣe alaye,elucidate
ominira,emancipation
emeritus,emeritus
pataki,eminently
ọba,emir
fara wé,emulate
jeki,enable
agbara,enablement
ṣokunkun,encore
encyclopedia,encyclopedia
igbiyanju,endeavor
ailopin,endless
fi fun,endow
ebun,endowed
ẹbun,endowment
ìfaradà,endurance
farada,endure
fi agbara mu,enforce
npe,engaged
akopọ,ensemble
asia,ensign
ṣe ere idaraya,entertained
idanilaraya,entertainment
àyíká,environ
ephemeris,ephemeris
apọju,epic
apọju,epitome
isọgba,equality
dogba,equally
iwontunwonsi,equilibrium
inifura,equity
itagiri,erotic
iṣẹ,errand
sa,escape
esprit,esprit
pataki,essential
mulẹ,established
niyi,esteem
esthetic,esthetic
iwa rere,ethics
alawọ ewe,evergreen
kedere,evident
itankalẹ,evolution
paṣipaarọ,exchange
yiyatọ,excitable
simi,excitation
idasile,exemption
iyanju,exhort
iyanju,exhortation
aye,existence
nla,exotic
reti,expect
ireti,expectation
anfaani,expedient
irin ajo,expedition
ti ni iriri,experienced
amoye,expert
expertiserìr.,expertise
se alaye,explain
sanlalu,extensive
afikun,extra
yọ jade,extricate
mon,facts
Oluko,faculty
fain,fain
faramọ,familiar
faramọ,familiarity
ojusaju,favoritism
ẹya -ara,feature
elegbe,fellow
idapo,fellowship
obinrin,female
ajọdun,festival
fete,fete
ayẹyẹ,fiesta
nipari,finally
itanran,finery
finesse,finesse
fireball,fireball
fireproof,fireproof
iduroṣinṣin,firmness
akọbi,firstborn
ibamu,fitting
imuduro,fixture
ọkọ oju -omi kekere,fleet
flirt,flirt
ti ododo,floral
ṣàn,flow
aladodo,flowery
danu,flush
fifo,flying
idojukọ,focus
ounje,food
bọọlu afẹsẹgba,football
ifarada,forbearance
iwaju,fore
awon baba nla,forefathers
tẹlẹ,foregoing
olori,foreman
aṣaaju -ọna,forerunner
foresee,foresee
asọtẹlẹ,foreseen
forge,forge
dariji,forgiven
agbekalẹ,formative
agbekalẹ,formula
agbara,forte
ti n bọ,forthcoming
fikun,fortify
odi,fortress
siwaju,forward
ri,found
ipile,foundation
otitọ,frank
ododo,frankness
arakunrin,fraternal
larọwọto,freely
ore,friend
ore,friendship
kun,full
ni kikun,fully
ipilẹ,fundamental
fiusi,fuse
idapọ,fusion
ọgba,garden
garnet,garnet
agbo ogun,garrison
iwe iroyin,gazette
jia,gear
gbogboogbo,general
jeje,genteel
jeje,gentleman
irẹlẹ,gentleness
oore,gentry
geranium,geranium
gigantic,gigantic
rerin,giggle
giri,girder
fífúnni,giving
rọra,glide
didan,glittering
iyin,glorification
didan,gloss
iwa -bi -Ọlọrun,godly
awọn ẹru,goods
ihinrere,gospel
ṣe akoso,govern
ipari ẹkọ,graduation
awon omo omo,grandchildren
iya agba,grandmother
alawọ ewe,green
alafẹfẹ,gregarious
grist,grist
grit,grit
ipilẹ ilẹ,groundwork
dagba,grow
oluso,guard
alagbato,guardian
alagbato,guardianship
gomina,gubernatorial
itọsọna,guide
iwe itọsọna,guidebook
guru,guru
ifun,guts
elere idaraya,gymnast
ibugbe,habitat
ikore,harvest
ibudo,haven
iwosan,healing
ileru,hearth
awon orun,heavens
hedonism,hedonism
heft,heft
àṣíborí,helmet
oluranlọwọ,helper
egboigi,herbal
akọni,heroics
akọni,heroism
ojo nla,heyday
ti o ga julọ,highest
hilarity,hilarity
bẹwẹ,hire
ifisere,hobby
isinmi,holiday
iwa -mimo,holiness
isọdọkan,homology
oyin,honey
ijẹfaaji ijẹfaaji tọkọtaya,honeymoon
ipade,horizon
aájò àlejò,hospitality
ìdílé,household
itọju ile,housekeeping
omoniyan,humanitarian
eda eniyan,humanity
onirẹlẹ,humbled
onirẹlẹ,humbly
alarinrin,humorist
oko -oko,husbandry
dakẹ,hush
ahere,hut
imototo,hygienic
orin iyin,hymn
bojumu,idealism
itanna,illumination
ṣàkàwé,illustrate
lẹsẹkẹsẹ,immediately
rì bọmi,immerse
aidibajẹ,immovable
funni,impart
ailagbara,impervious
sami,impression
improvise,improvise
aidibajẹ,inalienable
ifilọlẹ,inauguration
incisive,incisive
pẹlu,include
to wa,included
pẹlu,including
jumo,inclusive
owo oya,income
aidibajẹ,indelible
aiṣedeede,indemnity
ominira,independence
ẹni -kọọkan,individuality
ailopin,indomitable
ineffable,ineffable
ìkókó,infant
ifibọ,infiltration
ailopin,infinite
ailopin,infinity
ipa,influence
alaye,information
ogún,inheritance
inimitable,inimitable
alaiṣẹ,innocence
alaiṣẹ,innocent
alaiṣẹ,innocently
onibeere,inquirer
ibeere,inquiry
ti a ko le pin,inseparable
aami,insignia
olubẹwo,inspector
àdámọ́ni,instinctive
kọ,instruct
itọnisọna,instruction
oluko,instructor
ṣe iṣeduro,insure
ọgbọn,intellect
oloye,intellectual
ti pinnu,intended
ajọṣepọ,intercourse
inu ilohunsoke,interior
ajọṣepọ,interlocutory
interlude,interlude
interminable,interminable
ilowosi,intervention
intonation,intonation
aifoya,intrepid
ogbon inu,intuition
nigbagbogbo,invariably
onihumọ,inventor
se iwadi,investigate
ifiwepe,invitation
irin,iron
aidibajẹ,irreducible
irrefutable,irrefutable
jackpot,jackpot
Jam,jam
ẹlẹya,jest
iṣẹ,job
darapo,joined
awada,joker
nse awada,joking
oniroyin,journalist
irin -ajo,journey
jubeli,jubilee
adajọ,judicial
fo,jump
idalare,justifiable
idalare,justification
ṣetọju,keepsake
ken,ken
koko,keynote
okuta okuta,keystone
ibatan,kindred
ọba,king
ọmọ ologbo,kitten
akọni,knack
knight,knight
mọ,knowing
imo,knowledge
laala,labor
lesi,lace
ọdọ Aguntan,lamb
ilẹ,land
ilẹ,landed
lesa,laser
ẹrin,laughter
ifilole,launch
laureate,laureate
laureli,laurel
laureli,laurels
olori,leader
liigi,league
kọ ẹkọ,learn
ẹkọ,learning
olukọni,lecturer
leeway,leeway
legalized,legalized
legibility,legibility
legible,legible
fàájì,leisure
fàájì,leisurely
lemma,lemma
ẹkọ,lesson
leta,lettered
ipele,level
lawọ,liberal
ile -ikawe,library
ẹjẹ ẹjẹ,lifeblood
ile ina,lighthouse
onimọ -ede,linguist
kiniun,lion
lithe,lithe
gigun,longevity
oluwa,lord
oluwa,lordship
ifẹ,lovemaking
luscious,luscious
lyre,lyre
oofa,magnet
oofa,magnetism
magnetite,magnetite
omidan,maiden
akọkọ,main
pataki,mainstay
pataki,major
poju,majority
ṣakoso,manage
isakoso,management
mandarin,mandarin
okunrin,manhood
farahan,manifested
ọkunrin,manly
manna,manna
ihuwasi,mannered
iwa,manners
olupese,manufacturer
Oṣù,march
samisi,marked
ọjà,marketable
marquis,marquis
igbeyawo,marriage
ọra,marrow
fẹ,marry
marshal,marshal
akọ,masculine
ifọwọra,massage
alabaṣepọ,mate
ìyá,maternal
igbeyawo,matrimony
matron,matron
o pọju,maximum
baálẹ̀,mayor
koriko,meadow
won,measured
alarina,mediate
ilaja,mediation
olulaja,mediator
egbogi,medical
ṣe àṣàrò,meditate
Mẹditarenia,mediterranean
medley,medley
iranti,memento
atunse,mending
awọn oṣu,menses
olutojueni,mentor
dapọ,merge
ilu nla,metropolitan
mettle,mettle
microscopy,microscopy
agbẹbi,midwife
agbẹbi,midwifery
mime,mime
lokan,mindful
ifarabalẹ,mindfulness
iṣẹ -iranṣẹ,ministry
ihinrere,missionary
awoṣe,model
dede,moderate
oniwontunniwonsi,moderator
ipa,momentum
owo,monetary
owo,money
monk,monk
arabara,monument
iwa,moral
iwa,morals
amọ,mortar
iya,mother
abiyamọ,motherhood
idi,motive
movable,movable
gbigbe,mover
ago,mug
iṣan,muscular
orin,music
orin,musical
mutable,mutable
ifowosowopo,mutual
orun,nap
afenifere,naturalist
oyin,nectar
abẹrẹ,needle
duna,negotiate
oludunadura,negotiator
aladugbo,neighbor
nafu,nerve
itẹ -ẹiyẹ,nestle
ọlọla,nobility
olola,nobleman
yiyan,nomination
iwuwasi,normality
ohun akiyesi,notable
awọn ogbontarigi,notables
woye,noted
iro,notion
ogbontarigi,notoriety
awọn nọmba,numbers
nọọsi,nurse
nọsìrì,nursery
tọ́jú,nurture
ounjẹ,nutritious
igi oaku,oak
ibura,oath
igboran,obedience
ohun to wa,objective
ọranyan,obliging
alafojusi,observant
kedere,obvious
olugbe,occupant
ojúṣe,occupation
gba,occupy
pese,offer
Oṣiṣẹ,officer
aiṣedeede,offset
offshoot,offshoot
alagbara,omnipotence
ologbon,omniscient
opera,opera
anfani,opportune
ireti,optimist
aṣayan,option
iyan,optional
ororo,oracle
oration,oration
onilu,orchestra
ti a ti yan,ordained
isọdimimọ,ordination
Organic,organic
agbari,organization
ṣeto,organize
ṣeto,organized
itanna,orgasm
ohun ọṣọ,ornamented
ọṣọ,ornate
ariwo,outburst
abajade,outcome
ode,outward
lagbara,overwhelming
nini,ownership
pacific,pacific
paadi,pad
fifẹ,padding
paddle,paddle
adun,palatable
palliative,palliative
panacea,panacea
panache,panache
panier,panier
paprika,paprika
Itolẹsẹ,parade
paragon,paragon
atunkọ,paraphrase
obi,parentage
parietal,parietal
ṣe alabapin,partake
ikopa,participation
alabaṣepọ,partner
ajọṣepọ,partnership
ere idaraya,pastime
aguntan,pastor
àkàrà,pastry
pápá ìjẹko,pasture
itọsi,patent
baba -nla,patriarchal
alabojuto,patron
patronage,patronage
san,pay
oyinbo,peacock
peck,peck
peculiarity,peculiarity
iran,pedigree
alafẹfẹ,penchant
woye,perceive
ni oye,perceptible
perennial,perennial
osere,performer
perk,perk
igbanilaaye,permission
ayeraye,perpetuity
itẹramọṣẹ,persistence
jubẹẹlo,persistent
personable,personable
ti o yẹ,pertinent
epo,petroleum
elegbogi,pharmaceutical
alaanu,philanthropist
alaanu,philanthropy
onimoye,philosopher
Fenisiani,phoenix
phonetic,phonetic
dokita,physician
fisiksi,physics
fisioloji,physiology
ara,physique
mu,pick
pikiniki,picnic
egbogi,pill
irọri,pillow
awaokoofurufu,pilot
aṣáájú -ọ̀nà,pioneer
olooto,pious
pith,pith
agbedemeji,pivot
placid,placid
igbogun,planning
ibi -iṣere,playground
ile ere,playhouse
ògo,pledge
apejọpọ,plenary
plexus,plexus
Pupa buulu toṣokunkun,plum
plumb,plumb
ply,ply
ni pato,pointedly
olopa,police
ọlọpa,policeman
pólándì,polish
oloselu,politic
adagun -odo,pool
Pope,pope
gbale,popularity
gbajumo,popularized
olugbe,population
gbà,possess
ni agbara,potable
agbara,potency
adaṣe,practice
niwa,practiced
adaṣe,practise
iṣọra,precaution
ṣaaju,precede
iṣaaju,precedence
konge,precision
predilection,predilection
bori,predominant
agbegbe ile,premises
mura,prepare
igba atijọ,prescient
niwaju,presence
wa,present
gbekalẹ,presentable
igbejade,presentment
olutọju,preservative
se itoju,preserve
Aare,president
presto,presto
bori,prevail
idena,prevention
alufa,priest
oyè àlùfáà,priesthood
alufaa,priestly
alakoko,primacy
akọkọ,primary
nomba,prime
alakoko,primer
alade,prince
ọmọ -alade,princely
binrin,princess
olori,principal
alailẹgbẹ,pristine
iṣeeṣe,probity
ilana,procedure
ilana,procession
oluṣeto,proctor
rira,procure
oninaku,prodigal
olupilẹṣẹ,producer
iṣelọpọ,producing
gbóògì,production
iṣelọpọ,productivity
oojo,profession
ọjọgbọn,professional
ojogbon,professor
pipe,proficiency
itesiwaju,progression
pataki,prominently
igbega,promotion
atilẹyin,prop
woli,prophet
prophylactic,prophylactic
igbero,proposition
aabo,protecting
alaabo,protector
fi mule,prove
owe,proverbial
pese,provide
pese,providing
Psalm,psalm
ti gbogbo eniyan,public
Fa,pull
pulpit,pulpit
àsìkò,punctuality
ọmọ aja,puppy
odasaka,purely
ìwẹnumọ,purification
purist,purist
mimo,purity
purr,purr
iyege,qualifying
ibere,quest
ibeere,question
yiyara,quickness
quiescent,quiescent
quinine,quinine
agbasọ,quote
tàn,radiate
redio,radio
rave,rave
olukawe,reader
imurasilẹ,readiness
kika,reading
gidi,real
idi,reason
idinwoku,rebate
tun pada,recast
gba,received
gba,receiving
atunkọ,recherche
ṣe atunṣe,reciprocate
atunṣe,reclamation
jókòó,recline
mọ,recognizable
atunyẹwo,reconsideration
atunkọ,reconstruct
atunkọ,reconstruction
agbohunsilẹ,recorder
imularada,recoup
ere idaraya,recreation
ìdárayá,recreational
atunse,redress
atunṣe,reformation
oluyipada,reformer
tunṣe,refurbish
regent,regent
ifaseyin,regressive
deede,regularity
fiofinsi,regulate
atunse,rehabilitate
isodi titun,rehabilitation
isanpada,reimburse
isanpada,reimbursement
imuduro,reinforcement
gba pada,reinstate
rekindle,rekindle
isinmi,relaxation
ti o yẹ,relevant
igbẹkẹle,reliability
igbekele,reliance
ku,remains
atunse,remake
atunse,remodel
ṣe,render
isọdọtun,renewal
tunṣe,renovate
atunse,renovation
tunto,reorganize
atunṣe,reparation
san pada,repay
ronupiwada,repent
gbilẹ,replenish
kun,replete
onirohin,reporter
sinmi,repose
ni ipoduduro,represented
ibisi,reproductive
ifiṣura,reserve
olugbe,resident
resistive,resistive
ipinnu,resolutely
awọn orisun,resources
respectability,respectability
bíbọwọ fún,respecting
bowo,respects
isinmi,rest
atunṣe,restitution
atunse,restorative
ihamọ,restraint
atunbere,resumption
idaduro,retention
ifẹhinti lẹnu iṣẹ,retirement
itungbepapo,reunion
awọn igbadun,revels
ibowo,reverend
reverie,reverie
tunwo,revise
rogbodiyan,revolution
ilu,rhythm
ariwo,rhythmical
tẹẹrẹ,ribbon
ẹlẹṣin,rider
Pọn,ripe
pọn,ripen
nyara,rising
riveting,riveting
oju opopona,roadster
apata,rock
opa,rod
yiyipo,rollicking
romanticism,romanticism
romp,romp
fidimule,rooted
rota,rota
baraku,routine
ọba,royalty
rubric,rubric
ruth,ruth
aabo,safeguard
ologbon,sage
owo osu,salary
igbala,salvation
gbala,salve
samurai,samurai
mimo,sanctification
sọ di mímọ̀,sanctify
ibi mimọ,sanctuary
sanguine,sanguine
imototo,sanitary
yinrin,satin
adun,savor
adun,savory
scarecrow,scarecrow
omowe,scholar
sikolashipu,scholarship
ijinle sayensi,scientific
onimo ijinle sayensi,scientist
scintilla,scintilla
O wole,score
akọwe,scribe
akosile,script
scrumptious,scrumptious
ere,sculpture
òkun,sea
edidi,seal
idayatọ,seclusion
ile -iṣẹ akọwe,secretariat
àgbà,seniority
ori,sense
ifamọ,sensibility
ifẹkufẹ,sensual
ifẹkufẹ,sensuality
ti ifẹkufẹ,sensuous
itara,sentimental
imolara,sentimentality
onigbagbo,sentinel
iwaasu,sermon
omi ara,serum
adugbo,settlor
ibalopo,sex
apẹrẹ,shape
apẹrẹ,shapely
ibi aabo,shelter
oluṣọ -agutan,shepherd
didan,shining
ohun tio wa,shopping
ejika,shoulder
onilàkaye,shrewd
siliki,silk
kọrin,sing
ni ẹyọkan,singly
sir,sir
arabinrin,sisterhood
ọrun,sky
sileti,slate
tẹẹrẹ,slender
tẹẹrẹ,slim
didan,smoothness
onibaje,snicker
aibalẹ,sobriety
jagunjagun,soldier
iduroṣinṣin,solidity
solvency,solvency
sonar,sonar
sonata,sonata
sonnet,sonnet
aladun,sonorous
sorter,sorter
bimo,soup
spa,spa
spaniel,spaniel
pataki,special
pataki,specie
iworan,spectacle
ọrọ,speech
akọtọ,spelling
turari,spice
ọpa -ẹhin,spine
awọn ẹmi,spirits
onigbowo,sponsor
oko tabi aya,spouse
spruce,spruce
staccato,staccato
ẹṣin,stallion
alatako,stalwart
duro,standing
irawo,star
irawọ irawọ,starlight
irawọ,starry
gbólóhùn,statement
ère,statue
ipo,status
sita,sterling
iriju,steward
idakẹjẹ,stillness
itaja,store
ilana,strategic
ogbon,strategist
lagbara,strongly
igbekale,structure
okunrinlada,stud
iwadi,study
sublimation,sublimation
nkan,substance
ṣoki,succinct
succulent,succulent
isọdọtun,sufficiency
suga,sugar
sultry,sultry
oorun,sun
oorun,sunny
Iwọoorun,sunset
apọju eniyan,superhuman
alagbara,superman
gbajumọ,superstar
ohun asan,superstition
ẹbẹ,supplication
agbari,supplies
ipese,supply
oniduro,surety
ro,surmise
surpassing,surpassing
iyalẹnu,surprise
yíká,surround
iwadi,surveying
yọ ninu ewu,survive
búra,swear
ololufe,sweetie
lete,sweets
we,swim
aami,symbolic
symmetrical,symmetrical
isedogba,symmetry
simfoni,symphony
muṣiṣẹpọ,synchronize
synergistic,synergistic
synod,synod
bakannaa,synonymous
ọgbọn,tact
itan,tale
talisman,talisman
sọrọ,talk
tanned,tanned
iṣẹ -ṣiṣe,task
adun,tasteful
adun,tasty
kọ,teach
olukọ,teacher
ọna ẹrọ,technology
awon odo,teens
ìfaradà,temperance
binu,tempered
tenable,tenable
ayalegbe,tenancy
ayalegbe,tenant
tutu,tenderness
idupẹ,thanksgiving
o tumq si,theoretical
iwosan,therapeutic
itọju ailera,therapeutics
onironu,thinker
odindi,thoroughbred
itẹ,throne
tiling,tiling
tinsel,tinsel
akọle,title
tositi,toast
ifarada,toleration
líle,toughness
ile -iṣọ,tower
gíga,towering
ibile,traditional
irekọja,transcendence
transcendental,transcendental
rin irin -ajo,traveling
toju,treat
igi,tree
aṣa,trend
agbo -ori,tributary
oriyin,tribute
trig,trig
ijaya,truce
otitọ,truth
tutelage,tutelage
oluko,tutor
ibeji,twin
seju,twinkle
ni ipari,ultimately
onidajọ,umpire
iṣọkan,unanimity
fohunsokan,unanimous
alaigbọran,unassuming
alailẹgbẹ,unbeaten
airekọja,unbreakable
unbridled,unbridled
ti ko ya,unbroken
unconstrained,unconstrained
ìlà,underline
Oye,understanding
atunkọ,underwrite
ti ko pin,undivided
ailopin,undying
airotẹlẹ,unexpected
ṣii,unfold
isọdọkan,unification
iṣọkan,uniformly
airotẹlẹ,unimaginable
ti ko ni arun,uninfected
oto,unique
isokan,unison
iṣọkan,unitary
yunifasiti,university
unpretentious,unpretentious
unquedioned,unquestioned
ti ko ni ipalara,unscathed
alailẹgbẹ,unsurpassed
tú,untie
oke,uphill
titọ,upright
usher,usher
deede,usual
ohun elo,utility
utopian,utopian
isinmi,vacation
ajesara,vaccine
idabobo,vanguard
ṣẹgun,vanquish
felifeti,velvet
velvety,velvety
venerable,venerable
ijosin,veneration
otitọ,veracity
ododo,verdant
ijerisi,verification
wadi,verified
nitilytọ,verily
vernal,vernal
nitvetọ,verve
ogbologbo,veteran
vicar,vicar
asegun,victor
agbara,vigor
alagbara,vigorous
abule,villager
idalare,vindication
wundia,virgin
wundia,virginity
ṣabẹwo,visit
alejo,visitor
pataki,vital
fokabulari,vocabulary
oluyọọda,volunteer
atinuwa,voluptuous
dibo,vote
ẹjẹ,vow
owo osu,wages
atilẹyin ọja,warranty
jagunjagun,warrior
oluṣọ,watchdog
ṣọra,watchful
oluṣọ,watchman
mabomire,waterproof
oju ojo,weatherproof
àdánù,weight
funfun,white
funfun,whiteness
wicket,wicket
ni ibigbogbo,widespread
winnings,winnings
alailowaya,wireless
ogbon,wis
ogbon,wit
farada,withstand
wits,wits
oṣó,wizard
inu,womb
ọrọ,word
ṣiṣẹ,working
ijosin,worship
wot,wot
onkqwe,writer
ọdọ,young
kékeré,younger
odo,youth
